,日期,收盘价(元)
0,20080102,-1.0
1,20080103,-1.0
2,20080104,-1.0
3,20080107,-1.0
4,20080108,-1.0
5,20080109,-1.0
6,20080110,-1.0
7,20080111,-1.0
8,20080114,-1.0
9,20080115,-1.0
10,20080116,-1.0
11,20080117,-1.0
12,20080118,-1.0
13,20080121,-1.0
14,20080122,-1.0
15,20080123,-1.0
16,20080124,-1.0
17,20080125,-1.0
18,20080128,-1.0
19,20080129,-1.0
20,20080130,-1.0
21,20080131,-1.0
22,20080201,-1.0
23,20080204,-1.0
24,20080205,-1.0
25,20080213,-1.0
26,20080214,-1.0
27,20080215,-1.0
28,20080218,-1.0
29,20080219,-1.0
30,20080220,-1.0
31,20080221,-1.0
32,20080222,-1.0
33,20080225,-1.0
34,20080226,-1.0
35,20080227,-1.0
36,20080228,-1.0
37,20080229,-1.0
38,20080303,-1.0
39,20080304,-1.0
40,20080305,-1.0
41,20080306,-1.0
42,20080307,-1.0
43,20080310,-1.0
44,20080311,-1.0
45,20080312,-1.0
46,20080313,-1.0
47,20080314,-1.0
48,20080317,-1.0
49,20080318,-1.0
50,20080319,-1.0
51,20080320,-1.0
52,20080321,-1.0
53,20080324,-1.0
54,20080325,-1.0
55,20080326,-1.0
56,20080327,-1.0
57,20080328,-1.0
58,20080331,-1.0
59,20080401,-1.0
60,20080402,-1.0
61,20080403,-1.0
62,20080407,-1.0
63,20080408,-1.0
64,20080409,-1.0
65,20080410,-1.0
66,20080411,-1.0
67,20080414,-1.0
68,20080415,-1.0
69,20080416,-1.0
70,20080417,-1.0
71,20080418,-1.0
72,20080421,-1.0
73,20080422,-1.0
74,20080423,-1.0
75,20080424,-1.0
76,20080425,-1.0
77,20080428,-1.0
78,20080429,-1.0
79,20080430,-1.0
80,20080505,-1.0
81,20080506,-1.0
82,20080507,-1.0
83,20080508,-1.0
84,20080509,-1.0
85,20080512,-1.0
86,20080513,-1.0
87,20080514,-1.0
88,20080515,-1.0
89,20080516,-1.0
90,20080519,-1.0
91,20080520,-1.0
92,20080521,-1.0
93,20080522,-1.0
94,20080523,-1.0
95,20080526,-1.0
96,20080527,-1.0
97,20080528,-1.0
98,20080529,-1.0
99,20080530,-1.0
100,20080602,-1.0
101,20080603,-1.0
102,20080604,-1.0
103,20080605,-1.0
104,20080606,-1.0
105,20080610,-1.0
106,20080611,-1.0
107,20080612,-1.0
108,20080613,-1.0
109,20080616,-1.0
110,20080617,-1.0
111,20080618,-1.0
112,20080619,-1.0
113,20080620,-1.0
114,20080623,-1.0
115,20080624,-1.0
116,20080625,-1.0
117,20080626,-1.0
118,20080627,-1.0
119,20080630,-1.0
120,20080701,-1.0
121,20080702,-1.0
122,20080703,-1.0
123,20080704,-1.0
124,20080707,-1.0
125,20080708,-1.0
126,20080709,-1.0
127,20080710,-1.0
128,20080711,-1.0
129,20080714,-1.0
130,20080715,-1.0
131,20080716,-1.0
132,20080717,-1.0
133,20080718,-1.0
134,20080721,-1.0
135,20080722,-1.0
136,20080723,-1.0
137,20080724,-1.0
138,20080725,-1.0
139,20080728,-1.0
140,20080729,-1.0
141,20080730,-1.0
142,20080731,-1.0
143,20080801,-1.0
144,20080804,-1.0
145,20080805,-1.0
146,20080806,-1.0
147,20080807,-1.0
148,20080808,-1.0
149,20080811,-1.0
150,20080812,-1.0
151,20080813,-1.0
152,20080814,-1.0
153,20080815,-1.0
154,20080818,-1.0
155,20080819,-1.0
156,20080820,-1.0
157,20080821,-1.0
158,20080822,-1.0
159,20080825,-1.0
160,20080826,-1.0
161,20080827,-1.0
162,20080828,-1.0
163,20080829,-1.0
164,20080901,-1.0
165,20080902,-1.0
166,20080903,-1.0
167,20080904,-1.0
168,20080905,-1.0
169,20080908,-1.0
170,20080909,-1.0
171,20080910,-1.0
172,20080911,-1.0
173,20080912,-1.0
174,20080916,-1.0
175,20080917,-1.0
176,20080918,-1.0
177,20080919,-1.0
178,20080922,-1.0
179,20080923,-1.0
180,20080924,-1.0
181,20080925,-1.0
182,20080926,-1.0
183,20081006,-1.0
184,20081007,-1.0
185,20081008,-1.0
186,20081009,-1.0
187,20081010,-1.0
188,20081013,-1.0
189,20081014,-1.0
190,20081015,-1.0
191,20081016,-1.0
192,20081017,-1.0
193,20081020,-1.0
194,20081021,-1.0
195,20081022,-1.0
196,20081023,-1.0
197,20081024,-1.0
198,20081027,-1.0
199,20081028,-1.0
200,20081029,-1.0
201,20081030,-1.0
202,20081031,-1.0
203,20081103,-1.0
204,20081104,-1.0
205,20081105,-1.0
206,20081106,-1.0
207,20081107,-1.0
208,20081110,-1.0
209,20081111,-1.0
210,20081112,-1.0
211,20081113,-1.0
212,20081114,-1.0
213,20081117,-1.0
214,20081118,-1.0
215,20081119,-1.0
216,20081120,-1.0
217,20081121,-1.0
218,20081124,-1.0
219,20081125,-1.0
220,20081126,-1.0
221,20081127,-1.0
222,20081128,-1.0
223,20081201,-1.0
224,20081202,-1.0
225,20081203,-1.0
226,20081204,-1.0
227,20081205,-1.0
228,20081208,-1.0
229,20081209,-1.0
230,20081210,-1.0
231,20081211,-1.0
232,20081212,-1.0
233,20081215,-1.0
234,20081216,-1.0
235,20081217,-1.0
236,20081218,-1.0
237,20081219,-1.0
238,20081222,-1.0
239,20081223,-1.0
240,20081224,-1.0
241,20081225,-1.0
242,20081226,-1.0
243,20081229,-1.0
244,20081230,-1.0
245,20081231,-1.0
246,20090105,-1.0
247,20090106,-1.0
248,20090107,-1.0
249,20090108,-1.0
250,20090109,-1.0
251,20090112,-1.0
252,20090113,-1.0
253,20090114,-1.0
254,20090115,-1.0
255,20090116,-1.0
256,20090119,-1.0
257,20090120,-1.0
258,20090121,-1.0
259,20090122,-1.0
260,20090123,-1.0
261,20090202,-1.0
262,20090203,-1.0
263,20090204,-1.0
264,20090205,-1.0
265,20090206,-1.0
266,20090209,-1.0
267,20090210,-1.0
268,20090211,-1.0
269,20090212,-1.0
270,20090213,-1.0
271,20090216,-1.0
272,20090217,-1.0
273,20090218,-1.0
274,20090219,-1.0
275,20090220,-1.0
276,20090223,-1.0
277,20090224,-1.0
278,20090225,-1.0
279,20090226,-1.0
280,20090227,-1.0
281,20090302,-1.0
282,20090303,-1.0
283,20090304,-1.0
284,20090305,-1.0
285,20090306,-1.0
286,20090309,-1.0
287,20090310,-1.0
288,20090311,-1.0
289,20090312,-1.0
290,20090313,-1.0
291,20090316,-1.0
292,20090317,-1.0
293,20090318,-1.0
294,20090319,-1.0
295,20090320,-1.0
296,20090323,-1.0
297,20090324,-1.0
298,20090325,-1.0
299,20090326,-1.0
300,20090327,-1.0
301,20090330,-1.0
302,20090331,-1.0
303,20090401,-1.0
304,20090402,-1.0
305,20090403,-1.0
306,20090407,-1.0
307,20090408,-1.0
308,20090409,-1.0
309,20090410,-1.0
310,20090413,-1.0
311,20090414,-1.0
312,20090415,-1.0
313,20090416,-1.0
314,20090417,-1.0
315,20090420,-1.0
316,20090421,-1.0
317,20090422,-1.0
318,20090423,-1.0
319,20090424,-1.0
320,20090427,-1.0
321,20090428,-1.0
322,20090429,-1.0
323,20090430,-1.0
324,20090504,-1.0
325,20090505,-1.0
326,20090506,-1.0
327,20090507,-1.0
328,20090508,-1.0
329,20090511,-1.0
330,20090512,-1.0
331,20090513,-1.0
332,20090514,-1.0
333,20090515,-1.0
334,20090518,-1.0
335,20090519,-1.0
336,20090520,-1.0
337,20090521,-1.0
338,20090522,-1.0
339,20090525,-1.0
340,20090526,-1.0
341,20090527,-1.0
342,20090601,-1.0
343,20090602,-1.0
344,20090603,-1.0
345,20090604,-1.0
346,20090605,-1.0
347,20090608,-1.0
348,20090609,-1.0
349,20090610,-1.0
350,20090611,-1.0
351,20090612,-1.0
352,20090615,-1.0
353,20090616,-1.0
354,20090617,-1.0
355,20090618,-1.0
356,20090619,-1.0
357,20090622,-1.0
358,20090623,-1.0
359,20090624,-1.0
360,20090625,-1.0
361,20090626,-1.0
362,20090629,-1.0
363,20090630,-1.0
364,20090701,-1.0
365,20090702,-1.0
366,20090703,-1.0
367,20090706,-1.0
368,20090707,-1.0
369,20090708,-1.0
370,20090709,-1.0
371,20090710,-1.0
372,20090713,-1.0
373,20090714,-1.0
374,20090715,-1.0
375,20090716,-1.0
376,20090717,-1.0
377,20090720,-1.0
378,20090721,-1.0
379,20090722,-1.0
380,20090723,-1.0
381,20090724,-1.0
382,20090727,-1.0
383,20090728,-1.0
384,20090729,-1.0
385,20090730,-1.0
386,20090731,-1.0
387,20090803,-1.0
388,20090804,-1.0
389,20090805,-1.0
390,20090806,-1.0
391,20090807,-1.0
392,20090810,-1.0
393,20090811,-1.0
394,20090812,-1.0
395,20090813,-1.0
396,20090814,-1.0
397,20090817,-1.0
398,20090818,-1.0
399,20090819,-1.0
400,20090820,-1.0
401,20090821,-1.0
402,20090824,-1.0
403,20090825,-1.0
404,20090826,-1.0
405,20090827,-1.0
406,20090828,-1.0
407,20090831,-1.0
408,20090901,-1.0
409,20090902,-1.0
410,20090903,-1.0
411,20090904,-1.0
412,20090907,-1.0
413,20090908,-1.0
414,20090909,-1.0
415,20090910,-1.0
416,20090911,-1.0
417,20090914,-1.0
418,20090915,-1.0
419,20090916,-1.0
420,20090917,-1.0
421,20090918,-1.0
422,20090921,-1.0
423,20090922,-1.0
424,20090923,-1.0
425,20090924,-1.0
426,20090925,-1.0
427,20090928,-1.0
428,20090929,-1.0
429,20090930,-1.0
430,20091009,-1.0
431,20091012,-1.0
432,20091013,-1.0
433,20091014,-1.0
434,20091015,-1.0
435,20091016,-1.0
436,20091019,-1.0
437,20091020,-1.0
438,20091021,-1.0
439,20091022,-1.0
440,20091023,-1.0
441,20091026,-1.0
442,20091027,-1.0
443,20091028,-1.0
444,20091029,-1.0
445,20091030,-1.0
446,20091102,-1.0
447,20091103,-1.0
448,20091104,-1.0
449,20091105,-1.0
450,20091106,-1.0
451,20091109,-1.0
452,20091110,-1.0
453,20091111,-1.0
454,20091112,-1.0
455,20091113,-1.0
456,20091116,-1.0
457,20091117,-1.0
458,20091118,-1.0
459,20091119,-1.0
460,20091120,-1.0
461,20091123,-1.0
462,20091124,-1.0
463,20091125,-1.0
464,20091126,-1.0
465,20091127,-1.0
466,20091130,-1.0
467,20091201,-1.0
468,20091202,-1.0
469,20091203,-1.0
470,20091204,-1.0
471,20091207,-1.0
472,20091208,-1.0
473,20091209,-1.0
474,20091210,-1.0
475,20091211,-1.0
476,20091214,-1.0
477,20091215,-1.0
478,20091216,-1.0
479,20091217,-1.0
480,20091218,-1.0
481,20091221,-1.0
482,20091222,-1.0
483,20091223,-1.0
484,20091224,-1.0
485,20091225,-1.0
486,20091228,-1.0
487,20091229,-1.0
488,20091230,-1.0
489,20091231,-1.0
490,20100104,-1.0
491,20100105,-1.0
492,20100106,-1.0
493,20100107,-1.0
494,20100108,-1.0
495,20100111,-1.0
496,20100112,-1.0
497,20100113,-1.0
498,20100114,-1.0
499,20100115,-1.0
500,20100118,-1.0
501,20100119,-1.0
502,20100120,-1.0
503,20100121,-1.0
504,20100122,-1.0
505,20100125,-1.0
506,20100126,-1.0
507,20100127,-1.0
508,20100128,-1.0
509,20100129,-1.0
510,20100201,-1.0
511,20100202,-1.0
512,20100203,-1.0
513,20100204,-1.0
514,20100205,-1.0
515,20100208,-1.0
516,20100209,-1.0
517,20100210,-1.0
518,20100211,-1.0
519,20100212,-1.0
520,20100222,-1.0
521,20100223,-1.0
522,20100224,-1.0
523,20100225,-1.0
524,20100226,-1.0
525,20100301,-1.0
526,20100302,-1.0
527,20100303,-1.0
528,20100304,-1.0
529,20100305,-1.0
530,20100308,-1.0
531,20100309,-1.0
532,20100310,-1.0
533,20100311,-1.0
534,20100312,-1.0
535,20100315,-1.0
536,20100316,-1.0
537,20100317,-1.0
538,20100318,-1.0
539,20100319,-1.0
540,20100322,-1.0
541,20100323,-1.0
542,20100324,-1.0
543,20100325,-1.0
544,20100326,-1.0
545,20100329,-1.0
546,20100330,-1.0
547,20100331,-1.0
548,20100401,-1.0
549,20100402,-1.0
550,20100406,-1.0
551,20100407,-1.0
552,20100408,-1.0
553,20100409,-1.0
554,20100412,-1.0
555,20100413,-1.0
556,20100414,-1.0
557,20100415,-1.0
558,20100416,-1.0
559,20100419,-1.0
560,20100420,-1.0
561,20100421,-1.0
562,20100422,-1.0
563,20100423,-1.0
564,20100426,-1.0
565,20100427,-1.0
566,20100428,-1.0
567,20100429,-1.0
568,20100430,-1.0
569,20100504,-1.0
570,20100505,-1.0
571,20100506,-1.0
572,20100507,-1.0
573,20100510,-1.0
574,20100511,-1.0
575,20100512,-1.0
576,20100513,-1.0
577,20100514,-1.0
578,20100517,-1.0
579,20100518,-1.0
580,20100519,-1.0
581,20100520,-1.0
582,20100521,-1.0
583,20100524,-1.0
584,20100525,-1.0
585,20100526,-1.0
586,20100527,-1.0
587,20100528,-1.0
588,20100531,-1.0
589,20100601,-1.0
590,20100602,-1.0
591,20100603,-1.0
592,20100604,-1.0
593,20100607,-1.0
594,20100608,-1.0
595,20100609,-1.0
596,20100610,-1.0
597,20100611,-1.0
598,20100617,-1.0
599,20100618,-1.0
600,20100621,-1.0
601,20100622,-1.0
602,20100623,-1.0
603,20100624,-1.0
604,20100625,-1.0
605,20100628,-1.0
606,20100629,-1.0
607,20100630,-1.0
608,20100701,-1.0
609,20100702,-1.0
610,20100705,-1.0
611,20100706,-1.0
612,20100707,-1.0
613,20100708,-1.0
614,20100709,-1.0
615,20100712,-1.0
616,20100713,-1.0
617,20100714,-1.0
618,20100715,-1.0
619,20100716,-1.0
620,20100719,-1.0
621,20100720,-1.0
622,20100721,-1.0
623,20100722,-1.0
624,20100723,-1.0
625,20100726,-1.0
626,20100727,-1.0
627,20100728,-1.0
628,20100729,-1.0
629,20100730,-1.0
630,20100802,-1.0
631,20100803,-1.0
632,20100804,-1.0
633,20100805,-1.0
634,20100806,-1.0
635,20100809,-1.0
636,20100810,-1.0
637,20100811,-1.0
638,20100812,-1.0
639,20100813,-1.0
640,20100816,-1.0
641,20100817,-1.0
642,20100818,-1.0
643,20100819,-1.0
644,20100820,-1.0
645,20100823,-1.0
646,20100824,-1.0
647,20100825,-1.0
648,20100826,-1.0
649,20100827,-1.0
650,20100830,-1.0
651,20100831,-1.0
652,20100901,-1.0
653,20100902,-1.0
654,20100903,-1.0
655,20100906,-1.0
656,20100907,-1.0
657,20100908,-1.0
658,20100909,-1.0
659,20100910,-1.0
660,20100913,-1.0
661,20100914,-1.0
662,20100915,-1.0
663,20100916,-1.0
664,20100917,-1.0
665,20100920,-1.0
666,20100921,-1.0
667,20100927,-1.0
668,20100928,-1.0
669,20100929,-1.0
670,20100930,-1.0
671,20101008,-1.0
672,20101011,-1.0
673,20101012,-1.0
674,20101013,-1.0
675,20101014,-1.0
676,20101015,-1.0
677,20101018,-1.0
678,20101019,-1.0
679,20101020,-1.0
680,20101021,-1.0
681,20101022,-1.0
682,20101025,-1.0
683,20101026,-1.0
684,20101027,-1.0
685,20101028,-1.0
686,20101029,-1.0
687,20101101,-1.0
688,20101102,-1.0
689,20101103,-1.0
690,20101104,-1.0
691,20101105,-1.0
692,20101108,-1.0
693,20101109,-1.0
694,20101110,-1.0
695,20101111,-1.0
696,20101112,-1.0
697,20101115,-1.0
698,20101116,-1.0
699,20101117,-1.0
700,20101118,-1.0
701,20101119,-1.0
702,20101122,-1.0
703,20101123,-1.0
704,20101124,-1.0
705,20101125,-1.0
706,20101126,-1.0
707,20101129,-1.0
708,20101130,-1.0
709,20101201,-1.0
710,20101202,-1.0
711,20101203,-1.0
712,20101206,-1.0
713,20101207,-1.0
714,20101208,-1.0
715,20101209,-1.0
716,20101210,-1.0
717,20101213,-1.0
718,20101214,-1.0
719,20101215,-1.0
720,20101216,-1.0
721,20101217,-1.0
722,20101220,-1.0
723,20101221,-1.0
724,20101222,-1.0
725,20101223,-1.0
726,20101224,-1.0
727,20101227,-1.0
728,20101228,-1.0
729,20101229,-1.0
730,20101230,-1.0
731,20101231,-1.0
732,20110104,-1.0
733,20110105,-1.0
734,20110106,-1.0
735,20110107,-1.0
736,20110110,-1.0
737,20110111,-1.0
738,20110112,-1.0
739,20110113,-1.0
740,20110114,-1.0
741,20110117,-1.0
742,20110118,-1.0
743,20110119,-1.0
744,20110120,-1.0
745,20110121,-1.0
746,20110124,-1.0
747,20110125,-1.0
748,20110126,-1.0
749,20110127,-1.0
750,20110128,-1.0
751,20110131,-1.0
752,20110201,-1.0
753,20110209,-1.0
754,20110210,-1.0
755,20110211,-1.0
756,20110214,-1.0
757,20110215,-1.0
758,20110216,-1.0
759,20110217,-1.0
760,20110218,-1.0
761,20110221,-1.0
762,20110222,-1.0
763,20110223,-1.0
764,20110224,-1.0
765,20110225,-1.0
766,20110228,-1.0
767,20110301,-1.0
768,20110302,-1.0
769,20110303,-1.0
770,20110304,-1.0
771,20110307,-1.0
772,20110308,-1.0
773,20110309,-1.0
774,20110310,-1.0
775,20110311,-1.0
776,20110314,-1.0
777,20110315,-1.0
778,20110316,-1.0
779,20110317,-1.0
780,20110318,-1.0
781,20110321,-1.0
782,20110322,-1.0
783,20110323,-1.0
784,20110324,-1.0
785,20110325,-1.0
786,20110328,-1.0
787,20110329,-1.0
788,20110330,-1.0
789,20110331,-1.0
790,20110401,-1.0
791,20110406,-1.0
792,20110407,-1.0
793,20110408,-1.0
794,20110411,-1.0
795,20110412,-1.0
796,20110413,-1.0
797,20110414,-1.0
798,20110415,-1.0
799,20110418,-1.0
800,20110419,-1.0
801,20110420,-1.0
802,20110421,-1.0
803,20110422,-1.0
804,20110425,-1.0
805,20110426,-1.0
806,20110427,-1.0
807,20110428,-1.0
808,20110429,-1.0
809,20110503,-1.0
810,20110504,-1.0
811,20110505,-1.0
812,20110506,-1.0
813,20110509,-1.0
814,20110510,-1.0
815,20110511,-1.0
816,20110512,-1.0
817,20110513,-1.0
818,20110516,-1.0
819,20110517,-1.0
820,20110518,-1.0
821,20110519,-1.0
822,20110520,-1.0
823,20110523,-1.0
824,20110524,-1.0
825,20110525,-1.0
826,20110526,-1.0
827,20110527,-1.0
828,20110530,-1.0
829,20110531,-1.0
830,20110601,-1.0
831,20110602,-1.0
832,20110603,-1.0
833,20110607,-1.0
834,20110608,-1.0
835,20110609,-1.0
836,20110610,-1.0
837,20110613,-1.0
838,20110614,-1.0
839,20110615,-1.0
840,20110616,-1.0
841,20110617,-1.0
842,20110620,-1.0
843,20110621,-1.0
844,20110622,-1.0
845,20110623,-1.0
846,20110624,-1.0
847,20110627,-1.0
848,20110628,-1.0
849,20110629,-1.0
850,20110630,-1.0
851,20110701,-1.0
852,20110704,-1.0
853,20110705,-1.0
854,20110706,-1.0
855,20110707,-1.0
856,20110708,-1.0
857,20110711,-1.0
858,20110712,-1.0
859,20110713,-1.0
860,20110714,-1.0
861,20110715,-1.0
862,20110718,-1.0
863,20110719,-1.0
864,20110720,-1.0
865,20110721,-1.0
866,20110722,-1.0
867,20110725,-1.0
868,20110726,-1.0
869,20110727,-1.0
870,20110728,-1.0
871,20110729,-1.0
872,20110801,-1.0
873,20110802,-1.0
874,20110803,-1.0
875,20110804,-1.0
876,20110805,-1.0
877,20110808,-1.0
878,20110809,-1.0
879,20110810,-1.0
880,20110811,-1.0
881,20110812,-1.0
882,20110815,-1.0
883,20110816,-1.0
884,20110817,-1.0
885,20110818,-1.0
886,20110819,-1.0
887,20110822,-1.0
888,20110823,-1.0
889,20110824,-1.0
890,20110825,-1.0
891,20110826,-1.0
892,20110829,-1.0
893,20110830,-1.0
894,20110831,-1.0
895,20110901,-1.0
896,20110902,-1.0
897,20110905,-1.0
898,20110906,-1.0
899,20110907,-1.0
900,20110908,-1.0
901,20110909,-1.0
902,20110913,-1.0
903,20110914,-1.0
904,20110915,-1.0
905,20110916,-1.0
906,20110919,-1.0
907,20110920,-1.0
908,20110921,-1.0
909,20110922,-1.0
910,20110923,-1.0
911,20110926,-1.0
912,20110927,-1.0
913,20110928,-1.0
914,20110929,-1.0
915,20110930,-1.0
916,20111010,-1.0
917,20111011,-1.0
918,20111012,-1.0
919,20111013,-1.0
920,20111014,-1.0
921,20111017,-1.0
922,20111018,-1.0
923,20111019,-1.0
924,20111020,-1.0
925,20111021,-1.0
926,20111024,-1.0
927,20111025,-1.0
928,20111026,-1.0
929,20111027,-1.0
930,20111028,-1.0
931,20111031,-1.0
932,20111101,-1.0
933,20111102,-1.0
934,20111103,-1.0
935,20111104,-1.0
936,20111107,-1.0
937,20111108,-1.0
938,20111109,-1.0
939,20111110,-1.0
940,20111111,-1.0
941,20111114,-1.0
942,20111115,-1.0
943,20111116,-1.0
944,20111117,-1.0
945,20111118,-1.0
946,20111121,-1.0
947,20111122,-1.0
948,20111123,-1.0
949,20111124,-1.0
950,20111125,-1.0
951,20111128,-1.0
952,20111129,-1.0
953,20111130,-1.0
954,20111201,-1.0
955,20111202,-1.0
956,20111205,-1.0
957,20111206,-1.0
958,20111207,-1.0
959,20111208,-1.0
960,20111209,-1.0
961,20111212,-1.0
962,20111213,-1.0
963,20111214,-1.0
964,20111215,-1.0
965,20111216,-1.0
966,20111219,-1.0
967,20111220,-1.0
968,20111221,-1.0
969,20111222,-1.0
970,20111223,-1.0
971,20111226,-1.0
972,20111227,-1.0
973,20111228,-1.0
974,20111229,-1.0
975,20111230,-1.0
976,20120104,-1.0
977,20120105,-1.0
978,20120106,-1.0
979,20120109,-1.0
980,20120110,-1.0
981,20120111,-1.0
982,20120112,-1.0
983,20120113,-1.0
984,20120116,-1.0
985,20120117,-1.0
986,20120118,-1.0
987,20120119,-1.0
988,20120120,-1.0
989,20120130,-1.0
990,20120131,-1.0
991,20120201,-1.0
992,20120202,-1.0
993,20120203,-1.0
994,20120206,-1.0
995,20120207,-1.0
996,20120208,-1.0
997,20120209,-1.0
998,20120210,-1.0
999,20120213,-1.0
1000,20120214,-1.0
1001,20120215,-1.0
1002,20120216,-1.0
1003,20120217,-1.0
1004,20120220,-1.0
1005,20120221,-1.0
1006,20120222,-1.0
1007,20120223,-1.0
1008,20120224,-1.0
1009,20120227,-1.0
1010,20120228,-1.0
1011,20120229,-1.0
1012,20120301,-1.0
1013,20120302,-1.0
1014,20120305,-1.0
1015,20120306,-1.0
1016,20120307,-1.0
1017,20120308,-1.0
1018,20120309,-1.0
1019,20120312,-1.0
1020,20120313,-1.0
1021,20120314,-1.0
1022,20120315,-1.0
1023,20120316,-1.0
1024,20120319,-1.0
1025,20120320,-1.0
1026,20120321,-1.0
1027,20120322,-1.0
1028,20120323,-1.0
1029,20120326,-1.0
1030,20120327,-1.0
1031,20120328,-1.0
1032,20120329,-1.0
1033,20120330,-1.0
1034,20120405,-1.0
1035,20120406,-1.0
1036,20120409,-1.0
1037,20120410,-1.0
1038,20120411,-1.0
1039,20120412,-1.0
1040,20120413,-1.0
1041,20120416,-1.0
1042,20120417,-1.0
1043,20120418,-1.0
1044,20120419,-1.0
1045,20120420,-1.0
1046,20120423,-1.0
1047,20120424,-1.0
1048,20120425,-1.0
1049,20120426,-1.0
1050,20120427,-1.0
1051,20120502,-1.0
1052,20120503,-1.0
1053,20120504,-1.0
1054,20120507,-1.0
1055,20120508,-1.0
1056,20120509,-1.0
1057,20120510,-1.0
1058,20120511,-1.0
1059,20120514,-1.0
1060,20120515,-1.0
1061,20120516,-1.0
1062,20120517,-1.0
1063,20120518,-1.0
1064,20120521,-1.0
1065,20120522,-1.0
1066,20120523,-1.0
1067,20120524,-1.0
1068,20120525,-1.0
1069,20120528,-1.0
1070,20120529,-1.0
1071,20120530,-1.0
1072,20120531,-1.0
1073,20120601,-1.0
1074,20120604,-1.0
1075,20120605,-1.0
1076,20120606,-1.0
1077,20120607,-1.0
1078,20120608,-1.0
1079,20120611,-1.0
1080,20120612,-1.0
1081,20120613,-1.0
1082,20120614,-1.0
1083,20120615,-1.0
1084,20120618,-1.0
1085,20120619,-1.0
1086,20120620,-1.0
1087,20120621,-1.0
1088,20120625,-1.0
1089,20120626,-1.0
1090,20120627,-1.0
1091,20120628,-1.0
1092,20120629,-1.0
1093,20120702,-1.0
1094,20120703,-1.0
1095,20120704,-1.0
1096,20120705,-1.0
1097,20120706,-1.0
1098,20120709,-1.0
1099,20120710,-1.0
1100,20120711,-1.0
1101,20120712,-1.0
1102,20120713,-1.0
1103,20120716,-1.0
1104,20120717,-1.0
1105,20120718,-1.0
1106,20120719,-1.0
1107,20120720,-1.0
1108,20120723,-1.0
1109,20120724,-1.0
1110,20120725,-1.0
1111,20120726,-1.0
1112,20120727,-1.0
1113,20120730,-1.0
1114,20120731,-1.0
1115,20120801,-1.0
1116,20120802,-1.0
1117,20120803,-1.0
1118,20120806,-1.0
1119,20120807,-1.0
1120,20120808,-1.0
1121,20120809,-1.0
1122,20120810,-1.0
1123,20120813,-1.0
1124,20120814,-1.0
1125,20120815,-1.0
1126,20120816,-1.0
1127,20120817,-1.0
1128,20120820,-1.0
1129,20120821,-1.0
1130,20120822,-1.0
1131,20120823,-1.0
1132,20120824,-1.0
1133,20120827,-1.0
1134,20120828,-1.0
1135,20120829,-1.0
1136,20120830,-1.0
1137,20120831,-1.0
1138,20120903,-1.0
1139,20120904,-1.0
1140,20120905,-1.0
1141,20120906,-1.0
1142,20120907,-1.0
1143,20120910,-1.0
1144,20120911,-1.0
1145,20120912,-1.0
1146,20120913,-1.0
1147,20120914,-1.0
1148,20120917,-1.0
1149,20120918,-1.0
1150,20120919,-1.0
1151,20120920,-1.0
1152,20120921,-1.0
1153,20120924,-1.0
1154,20120925,-1.0
1155,20120926,-1.0
1156,20120927,-1.0
1157,20120928,-1.0
1158,20121008,-1.0
1159,20121009,-1.0
1160,20121010,-1.0
1161,20121011,-1.0
1162,20121012,-1.0
1163,20121015,-1.0
1164,20121016,-1.0
1165,20121017,-1.0
1166,20121018,-1.0
1167,20121019,-1.0
1168,20121022,-1.0
1169,20121023,-1.0
1170,20121024,-1.0
1171,20121025,-1.0
1172,20121026,-1.0
1173,20121029,-1.0
1174,20121030,-1.0
1175,20121031,-1.0
1176,20121101,-1.0
1177,20121102,-1.0
1178,20121105,-1.0
1179,20121106,-1.0
1180,20121107,-1.0
1181,20121108,-1.0
1182,20121109,-1.0
1183,20121112,-1.0
1184,20121113,-1.0
1185,20121114,-1.0
1186,20121115,-1.0
1187,20121116,-1.0
1188,20121119,-1.0
1189,20121120,-1.0
1190,20121121,-1.0
1191,20121122,-1.0
1192,20121123,-1.0
1193,20121126,-1.0
1194,20121127,-1.0
1195,20121128,-1.0
1196,20121129,-1.0
1197,20121130,-1.0
1198,20121203,-1.0
1199,20121204,-1.0
1200,20121205,-1.0
1201,20121206,-1.0
1202,20121207,-1.0
1203,20121210,-1.0
1204,20121211,-1.0
1205,20121212,-1.0
1206,20121213,-1.0
1207,20121214,-1.0
1208,20121217,-1.0
1209,20121218,-1.0
1210,20121219,-1.0
1211,20121220,-1.0
1212,20121221,-1.0
1213,20121224,-1.0
1214,20121225,-1.0
1215,20121226,-1.0
1216,20121227,-1.0
1217,20121228,-1.0
1218,20121231,-1.0
1219,20130104,-1.0
1220,20130107,-1.0
1221,20130108,-1.0
1222,20130109,-1.0
1223,20130110,-1.0
1224,20130111,-1.0
1225,20130114,-1.0
1226,20130115,-1.0
1227,20130116,-1.0
1228,20130117,-1.0
1229,20130118,-1.0
1230,20130121,-1.0
1231,20130122,-1.0
1232,20130123,-1.0
1233,20130124,-1.0
1234,20130125,-1.0
1235,20130128,-1.0
1236,20130129,-1.0
1237,20130130,-1.0
1238,20130131,-1.0
1239,20130201,-1.0
1240,20130204,-1.0
1241,20130205,-1.0
1242,20130206,-1.0
1243,20130207,-1.0
1244,20130208,-1.0
1245,20130218,-1.0
1246,20130219,-1.0
1247,20130220,-1.0
1248,20130221,-1.0
1249,20130222,-1.0
1250,20130225,-1.0
1251,20130226,-1.0
1252,20130227,-1.0
1253,20130228,-1.0
1254,20130301,-1.0
1255,20130304,-1.0
1256,20130305,-1.0
1257,20130306,-1.0
1258,20130307,-1.0
1259,20130308,-1.0
1260,20130311,-1.0
1261,20130312,-1.0
1262,20130313,-1.0
1263,20130314,-1.0
1264,20130315,-1.0
1265,20130318,-1.0
1266,20130319,-1.0
1267,20130320,-1.0
1268,20130321,-1.0
1269,20130322,-1.0
1270,20130325,-1.0
1271,20130326,-1.0
1272,20130327,-1.0
1273,20130328,-1.0
1274,20130329,-1.0
1275,20130401,-1.0
1276,20130402,-1.0
1277,20130403,-1.0
1278,20130408,-1.0
1279,20130409,-1.0
1280,20130410,-1.0
1281,20130411,-1.0
1282,20130412,-1.0
1283,20130415,-1.0
1284,20130416,-1.0
1285,20130417,-1.0
1286,20130418,-1.0
1287,20130419,-1.0
1288,20130422,-1.0
1289,20130423,-1.0
1290,20130424,-1.0
1291,20130425,-1.0
1292,20130426,-1.0
1293,20130502,-1.0
1294,20130503,-1.0
1295,20130506,-1.0
1296,20130507,-1.0
1297,20130508,-1.0
1298,20130509,-1.0
1299,20130510,-1.0
1300,20130513,-1.0
1301,20130514,-1.0
1302,20130515,-1.0
1303,20130516,-1.0
1304,20130517,-1.0
1305,20130520,-1.0
1306,20130521,-1.0
1307,20130522,-1.0
1308,20130523,-1.0
1309,20130524,-1.0
1310,20130527,-1.0
1311,20130528,-1.0
1312,20130529,-1.0
1313,20130530,-1.0
1314,20130531,-1.0
1315,20130603,-1.0
1316,20130604,-1.0
1317,20130605,-1.0
1318,20130606,-1.0
1319,20130607,-1.0
1320,20130613,-1.0
1321,20130614,-1.0
1322,20130617,-1.0
1323,20130618,-1.0
1324,20130619,-1.0
1325,20130620,-1.0
1326,20130621,-1.0
1327,20130624,-1.0
1328,20130625,-1.0
1329,20130626,-1.0
1330,20130627,-1.0
1331,20130628,-1.0
1332,20130701,-1.0
1333,20130702,-1.0
1334,20130703,-1.0
1335,20130704,-1.0
1336,20130705,-1.0
1337,20130708,-1.0
1338,20130709,-1.0
1339,20130710,-1.0
1340,20130711,-1.0
1341,20130712,-1.0
1342,20130715,-1.0
1343,20130716,-1.0
1344,20130717,-1.0
1345,20130718,-1.0
1346,20130719,-1.0
1347,20130722,-1.0
1348,20130723,-1.0
1349,20130724,-1.0
1350,20130725,-1.0
1351,20130726,-1.0
1352,20130729,-1.0
1353,20130730,-1.0
1354,20130731,-1.0
1355,20130801,-1.0
1356,20130802,-1.0
1357,20130805,-1.0
1358,20130806,-1.0
1359,20130807,-1.0
1360,20130808,-1.0
1361,20130809,-1.0
1362,20130812,-1.0
1363,20130813,-1.0
1364,20130814,-1.0
1365,20130815,-1.0
1366,20130816,-1.0
1367,20130819,-1.0
1368,20130820,-1.0
1369,20130821,-1.0
1370,20130822,-1.0
1371,20130823,-1.0
1372,20130826,-1.0
1373,20130827,-1.0
1374,20130828,-1.0
1375,20130829,-1.0
1376,20130830,-1.0
1377,20130902,-1.0
1378,20130903,-1.0
1379,20130904,-1.0
1380,20130905,-1.0
1381,20130906,-1.0
1382,20130909,-1.0
1383,20130910,-1.0
1384,20130911,-1.0
1385,20130912,-1.0
1386,20130913,-1.0
1387,20130916,-1.0
1388,20130917,-1.0
1389,20130918,-1.0
1390,20130923,-1.0
1391,20130924,-1.0
1392,20130925,-1.0
1393,20130926,-1.0
1394,20130927,-1.0
1395,20130930,-1.0
1396,20131008,-1.0
1397,20131009,-1.0
1398,20131010,-1.0
1399,20131011,-1.0
1400,20131014,-1.0
1401,20131015,-1.0
1402,20131016,-1.0
1403,20131017,-1.0
1404,20131018,-1.0
1405,20131021,-1.0
1406,20131022,-1.0
1407,20131023,-1.0
1408,20131024,-1.0
1409,20131025,-1.0
1410,20131028,-1.0
1411,20131029,-1.0
1412,20131030,-1.0
1413,20131031,-1.0
1414,20131101,-1.0
1415,20131104,-1.0
1416,20131105,-1.0
1417,20131106,-1.0
1418,20131107,-1.0
1419,20131108,-1.0
1420,20131111,-1.0
1421,20131112,-1.0
1422,20131113,-1.0
1423,20131114,-1.0
1424,20131115,-1.0
1425,20131118,-1.0
1426,20131119,-1.0
1427,20131120,-1.0
1428,20131121,-1.0
1429,20131122,-1.0
1430,20131125,-1.0
1431,20131126,-1.0
1432,20131127,-1.0
1433,20131128,-1.0
1434,20131129,-1.0
1435,20131202,-1.0
1436,20131203,-1.0
1437,20131204,-1.0
1438,20131205,-1.0
1439,20131206,-1.0
1440,20131209,-1.0
1441,20131210,-1.0
1442,20131211,-1.0
1443,20131212,-1.0
1444,20131213,-1.0
1445,20131216,-1.0
1446,20131217,-1.0
1447,20131218,-1.0
1448,20131219,-1.0
1449,20131220,-1.0
1450,20131223,-1.0
1451,20131224,-1.0
1452,20131225,-1.0
1453,20131226,-1.0
1454,20131227,-1.0
1455,20131230,-1.0
1456,20131231,-1.0
1457,20140102,-1.0
1458,20140103,-1.0
1459,20140106,-1.0
1460,20140107,-1.0
1461,20140108,-1.0
1462,20140109,-1.0
1463,20140110,-1.0
1464,20140113,-1.0
1465,20140114,-1.0
1466,20140115,-1.0
1467,20140116,-1.0
1468,20140117,-1.0
1469,20140120,-1.0
1470,20140121,-1.0
1471,20140122,-1.0
1472,20140123,-1.0
1473,20140124,-1.0
1474,20140127,-1.0
1475,20140128,-1.0
1476,20140129,-1.0
1477,20140130,-1.0
1478,20140207,-1.0
1479,20140210,-1.0
1480,20140211,-1.0
1481,20140212,-1.0
1482,20140213,-1.0
1483,20140214,-1.0
1484,20140217,-1.0
1485,20140218,-1.0
1486,20140219,-1.0
1487,20140220,-1.0
1488,20140221,-1.0
1489,20140224,-1.0
1490,20140225,-1.0
1491,20140226,-1.0
1492,20140227,-1.0
1493,20140228,-1.0
1494,20140303,-1.0
1495,20140304,-1.0
1496,20140305,-1.0
1497,20140306,-1.0
1498,20140307,-1.0
1499,20140310,-1.0
1500,20140311,-1.0
1501,20140312,-1.0
1502,20140313,-1.0
1503,20140314,-1.0
1504,20140317,-1.0
1505,20140318,-1.0
1506,20140319,-1.0
1507,20140320,-1.0
1508,20140321,-1.0
1509,20140324,-1.0
1510,20140325,-1.0
1511,20140326,-1.0
1512,20140327,-1.0
1513,20140328,-1.0
1514,20140331,-1.0
1515,20140401,-1.0
1516,20140402,-1.0
1517,20140403,-1.0
1518,20140404,-1.0
1519,20140408,-1.0
1520,20140409,-1.0
1521,20140410,-1.0
1522,20140411,-1.0
1523,20140414,-1.0
1524,20140415,-1.0
1525,20140416,-1.0
1526,20140417,-1.0
1527,20140418,-1.0
1528,20140421,-1.0
1529,20140422,-1.0
1530,20140423,-1.0
1531,20140424,-1.0
1532,20140425,-1.0
1533,20140428,-1.0
1534,20140429,-1.0
1535,20140430,-1.0
1536,20140505,-1.0
1537,20140506,-1.0
1538,20140507,-1.0
1539,20140508,-1.0
1540,20140509,-1.0
1541,20140512,-1.0
1542,20140513,-1.0
1543,20140514,-1.0
1544,20140515,-1.0
1545,20140516,-1.0
1546,20140519,-1.0
1547,20140520,-1.0
1548,20140521,-1.0
1549,20140522,-1.0
1550,20140523,-1.0
1551,20140526,-1.0
1552,20140527,-1.0
1553,20140528,-1.0
1554,20140529,-1.0
1555,20140530,-1.0
1556,20140603,-1.0
1557,20140604,-1.0
1558,20140605,-1.0
1559,20140606,-1.0
1560,20140609,-1.0
1561,20140610,-1.0
1562,20140611,-1.0
1563,20140612,-1.0
1564,20140613,-1.0
1565,20140616,-1.0
1566,20140617,-1.0
1567,20140618,-1.0
1568,20140619,-1.0
1569,20140620,-1.0
1570,20140623,-1.0
1571,20140624,-1.0
1572,20140625,-1.0
1573,20140626,-1.0
1574,20140627,-1.0
1575,20140630,-1.0
1576,20140701,-1.0
1577,20140702,-1.0
1578,20140703,-1.0
1579,20140704,-1.0
1580,20140707,-1.0
1581,20140708,-1.0
1582,20140709,-1.0
1583,20140710,-1.0
1584,20140711,-1.0
1585,20140714,-1.0
1586,20140715,-1.0
1587,20140716,-1.0
1588,20140717,-1.0
1589,20140718,-1.0
1590,20140721,-1.0
1591,20140722,-1.0
1592,20140723,-1.0
1593,20140724,-1.0
1594,20140725,-1.0
1595,20140728,-1.0
1596,20140729,-1.0
1597,20140730,-1.0
1598,20140731,-1.0
1599,20140801,-1.0
1600,20140804,-1.0
1601,20140805,-1.0
1602,20140806,-1.0
1603,20140807,-1.0
1604,20140808,-1.0
1605,20140811,-1.0
1606,20140812,-1.0
1607,20140813,-1.0
1608,20140814,-1.0
1609,20140815,-1.0
1610,20140818,-1.0
1611,20140819,-1.0
1612,20140820,-1.0
1613,20140821,-1.0
1614,20140822,-1.0
1615,20140825,-1.0
1616,20140826,-1.0
1617,20140827,-1.0
1618,20140828,-1.0
1619,20140829,-1.0
1620,20140901,-1.0
1621,20140902,-1.0
1622,20140903,-1.0
1623,20140904,-1.0
1624,20140905,-1.0
1625,20140909,-1.0
1626,20140910,-1.0
1627,20140911,-1.0
1628,20140912,-1.0
1629,20140915,-1.0
1630,20140916,-1.0
1631,20140917,-1.0
1632,20140918,-1.0
1633,20140919,-1.0
1634,20140922,-1.0
1635,20140923,-1.0
1636,20140924,-1.0
1637,20140925,-1.0
1638,20140926,-1.0
1639,20140929,-1.0
1640,20140930,-1.0
1641,20141008,-1.0
1642,20141009,-1.0
1643,20141010,-1.0
1644,20141013,-1.0
1645,20141014,-1.0
1646,20141015,-1.0
1647,20141016,-1.0
1648,20141017,-1.0
1649,20141020,-1.0
1650,20141021,-1.0
1651,20141022,-1.0
1652,20141023,-1.0
1653,20141024,-1.0
1654,20141027,-1.0
1655,20141028,-1.0
1656,20141029,-1.0
1657,20141030,-1.0
1658,20141031,-1.0
1659,20141103,-1.0
1660,20141104,-1.0
1661,20141105,-1.0
1662,20141106,-1.0
1663,20141107,-1.0
1664,20141110,-1.0
1665,20141111,-1.0
1666,20141112,-1.0
1667,20141113,-1.0
1668,20141114,-1.0
1669,20141117,-1.0
1670,20141118,-1.0
1671,20141119,-1.0
1672,20141120,-1.0
1673,20141121,-1.0
1674,20141124,-1.0
1675,20141125,-1.0
1676,20141126,-1.0
1677,20141127,-1.0
1678,20141128,-1.0
1679,20141201,-1.0
1680,20141202,-1.0
1681,20141203,-1.0
1682,20141204,-1.0
1683,20141205,-1.0
1684,20141208,-1.0
1685,20141209,-1.0
1686,20141210,-1.0
1687,20141211,-1.0
1688,20141212,-1.0
1689,20141215,-1.0
1690,20141216,-1.0
1691,20141217,-1.0
1692,20141218,-1.0
1693,20141219,-1.0
1694,20141222,-1.0
1695,20141223,-1.0
1696,20141224,-1.0
1697,20141225,-1.0
1698,20141226,-1.0
1699,20141229,-1.0
1700,20141230,-1.0
1701,20141231,-1.0
1702,20150105,-1.0
1703,20150106,-1.0
1704,20150107,-1.0
1705,20150108,-1.0
1706,20150109,-1.0
1707,20150112,-1.0
1708,20150113,-1.0
1709,20150114,-1.0
1710,20150115,-1.0
1711,20150116,-1.0
1712,20150119,-1.0
1713,20150120,-1.0
1714,20150121,-1.0
1715,20150122,-1.0
1716,20150123,-1.0
1717,20150126,-1.0
1718,20150127,-1.0
1719,20150128,-1.0
1720,20150129,-1.0
1721,20150130,-1.0
1722,20150202,-1.0
1723,20150203,-1.0
1724,20150204,-1.0
1725,20150205,-1.0
1726,20150206,-1.0
1727,20150209,-1.0
1728,20150210,-1.0
1729,20150211,-1.0
1730,20150212,-1.0
1731,20150213,-1.0
1732,20150216,-1.0
1733,20150217,-1.0
1734,20150225,-1.0
1735,20150226,-1.0
1736,20150227,-1.0
1737,20150302,-1.0
1738,20150303,-1.0
1739,20150304,-1.0
1740,20150305,-1.0
1741,20150306,-1.0
1742,20150309,-1.0
1743,20150310,-1.0
1744,20150311,-1.0
1745,20150312,-1.0
1746,20150313,-1.0
1747,20150316,-1.0
1748,20150317,-1.0
1749,20150318,-1.0
1750,20150319,-1.0
1751,20150320,-1.0
1752,20150323,-1.0
1753,20150324,-1.0
1754,20150325,-1.0
1755,20150326,-1.0
1756,20150327,-1.0
1757,20150330,-1.0
1758,20150331,-1.0
1759,20150401,-1.0
1760,20150402,-1.0
1761,20150403,-1.0
1762,20150407,-1.0
1763,20150408,-1.0
1764,20150409,-1.0
1765,20150410,-1.0
1766,20150413,-1.0
1767,20150414,-1.0
1768,20150415,-1.0
1769,20150416,-1.0
1770,20150417,-1.0
1771,20150420,-1.0
1772,20150421,-1.0
1773,20150422,-1.0
1774,20150423,-1.0
1775,20150424,-1.0
1776,20150427,-1.0
1777,20150428,-1.0
1778,20150429,-1.0
1779,20150430,-1.0
1780,20150504,-1.0
1781,20150505,-1.0
1782,20150506,-1.0
1783,20150507,-1.0
1784,20150508,-1.0
1785,20150511,-1.0
1786,20150512,-1.0
1787,20150513,-1.0
1788,20150514,-1.0
1789,20150515,-1.0
1790,20150518,-1.0
1791,20150519,-1.0
1792,20150520,-1.0
1793,20150521,-1.0
1794,20150522,-1.0
1795,20150525,-1.0
1796,20150526,-1.0
1797,20150527,-1.0
1798,20150528,-1.0
1799,20150529,-1.0
1800,20150601,-1.0
1801,20150602,-1.0
1802,20150603,-1.0
1803,20150604,-1.0
1804,20150605,-1.0
1805,20150608,-1.0
1806,20150609,-1.0
1807,20150610,-1.0
1808,20150611,-1.0
1809,20150612,-1.0
1810,20150615,-1.0
1811,20150616,-1.0
1812,20150617,-1.0
1813,20150618,-1.0
1814,20150619,-1.0
1815,20150623,-1.0
1816,20150624,-1.0
1817,20150625,-1.0
1818,20150626,-1.0
1819,20150629,-1.0
1820,20150630,-1.0
1821,20150701,-1.0
1822,20150702,-1.0
1823,20150703,-1.0
1824,20150706,-1.0
1825,20150707,-1.0
1826,20150708,-1.0
1827,20150709,-1.0
1828,20150710,-1.0
1829,20150713,-1.0
1830,20150714,-1.0
1831,20150715,-1.0
1832,20150716,-1.0
1833,20150717,-1.0
1834,20150720,-1.0
1835,20150721,-1.0
1836,20150722,-1.0
1837,20150723,-1.0
1838,20150724,-1.0
1839,20150727,-1.0
1840,20150728,-1.0
1841,20150729,-1.0
1842,20150730,-1.0
1843,20150731,-1.0
1844,20150803,-1.0
1845,20150804,-1.0
1846,20150805,-1.0
1847,20150806,-1.0
1848,20150807,-1.0
1849,20150810,-1.0
1850,20150811,-1.0
1851,20150812,-1.0
1852,20150813,-1.0
1853,20150814,-1.0
1854,20150817,-1.0
1855,20150818,-1.0
1856,20150819,-1.0
1857,20150820,-1.0
1858,20150821,-1.0
1859,20150824,-1.0
1860,20150825,-1.0
1861,20150826,-1.0
1862,20150827,-1.0
1863,20150828,-1.0
1864,20150831,-1.0
1865,20150901,-1.0
1866,20150902,-1.0
1867,20150907,-1.0
1868,20150908,-1.0
1869,20150909,-1.0
1870,20150910,-1.0
1871,20150911,-1.0
1872,20150914,-1.0
1873,20150915,-1.0
1874,20150916,-1.0
1875,20150917,-1.0
1876,20150918,-1.0
1877,20150921,-1.0
1878,20150922,-1.0
1879,20150923,-1.0
1880,20150924,-1.0
1881,20150925,-1.0
1882,20150928,-1.0
1883,20150929,-1.0
1884,20150930,-1.0
1885,20151008,-1.0
1886,20151009,-1.0
1887,20151012,-1.0
1888,20151013,-1.0
1889,20151014,-1.0
1890,20151015,-1.0
1891,20151016,-1.0
1892,20151019,-1.0
1893,20151020,-1.0
1894,20151021,-1.0
1895,20151022,-1.0
1896,20151023,-1.0
1897,20151026,-1.0
1898,20151027,-1.0
1899,20151028,-1.0
1900,20151029,-1.0
1901,20151030,-1.0
1902,20151102,-1.0
1903,20151103,-1.0
1904,20151104,-1.0
1905,20151105,-1.0
1906,20151106,-1.0
1907,20151109,-1.0
1908,20151110,-1.0
1909,20151111,-1.0
1910,20151112,-1.0
1911,20151113,-1.0
1912,20151116,-1.0
1913,20151117,-1.0
1914,20151118,-1.0
1915,20151119,-1.0
1916,20151120,-1.0
1917,20151123,-1.0
1918,20151124,-1.0
1919,20151125,-1.0
1920,20151126,-1.0
1921,20151127,-1.0
1922,20151130,-1.0
1923,20151201,-1.0
1924,20151202,-1.0
1925,20151203,-1.0
1926,20151204,-1.0
1927,20151207,-1.0
1928,20151208,-1.0
1929,20151209,-1.0
1930,20151210,-1.0
1931,20151211,-1.0
1932,20151214,-1.0
1933,20151215,-1.0
1934,20151216,-1.0
1935,20151217,-1.0
1936,20151218,-1.0
1937,20151221,-1.0
1938,20151222,-1.0
1939,20151223,-1.0
1940,20151224,-1.0
1941,20151225,-1.0
1942,20151228,-1.0
1943,20151229,-1.0
1944,20151230,-1.0
1945,20151231,-1.0
1946,20160104,-1.0
1947,20160105,-1.0
1948,20160106,-1.0
1949,20160107,-1.0
1950,20160108,-1.0
1951,20160111,-1.0
1952,20160112,-1.0
1953,20160113,-1.0
1954,20160114,-1.0
1955,20160115,-1.0
1956,20160118,-1.0
1957,20160119,-1.0
1958,20160120,-1.0
1959,20160121,-1.0
1960,20160122,-1.0
1961,20160125,-1.0
1962,20160126,-1.0
1963,20160127,-1.0
1964,20160128,-1.0
1965,20160129,-1.0
1966,20160201,-1.0
1967,20160202,-1.0
1968,20160203,-1.0
1969,20160204,-1.0
1970,20160205,-1.0
1971,20160215,-1.0
1972,20160216,-1.0
1973,20160217,-1.0
1974,20160218,-1.0
1975,20160219,-1.0
1976,20160222,-1.0
1977,20160223,-1.0
1978,20160224,-1.0
1979,20160225,-1.0
1980,20160226,-1.0
1981,20160229,-1.0
1982,20160301,-1.0
1983,20160302,-1.0
1984,20160303,-1.0
1985,20160304,-1.0
1986,20160307,-1.0
1987,20160308,-1.0
1988,20160309,-1.0
1989,20160310,-1.0
1990,20160311,-1.0
1991,20160314,-1.0
1992,20160315,-1.0
1993,20160316,-1.0
1994,20160317,-1.0
1995,20160318,-1.0
1996,20160321,-1.0
1997,20160322,-1.0
1998,20160323,-1.0
1999,20160324,-1.0
2000,20160325,-1.0
2001,20160328,-1.0
2002,20160329,-1.0
2003,20160330,-1.0
2004,20160331,-1.0
2005,20160401,-1.0
2006,20160405,-1.0
2007,20160406,-1.0
2008,20160407,-1.0
2009,20160408,-1.0
2010,20160411,-1.0
2011,20160412,-1.0
2012,20160413,-1.0
2013,20160414,-1.0
2014,20160415,-1.0
2015,20160418,-1.0
2016,20160419,-1.0
2017,20160420,-1.0
2018,20160421,-1.0
2019,20160422,-1.0
2020,20160425,-1.0
2021,20160426,-1.0
2022,20160427,-1.0
2023,20160428,-1.0
2024,20160429,-1.0
2025,20160503,-1.0
2026,20160504,-1.0
2027,20160505,-1.0
2028,20160506,-1.0
2029,20160509,-1.0
2030,20160510,-1.0
2031,20160511,-1.0
2032,20160512,-1.0
2033,20160513,-1.0
2034,20160516,-1.0
2035,20160517,-1.0
2036,20160518,-1.0
2037,20160519,-1.0
2038,20160520,-1.0
2039,20160523,-1.0
2040,20160524,-1.0
2041,20160525,-1.0
2042,20160526,-1.0
2043,20160527,-1.0
2044,20160530,-1.0
2045,20160531,-1.0
2046,20160601,-1.0
2047,20160602,-1.0
2048,20160603,-1.0
2049,20160606,-1.0
2050,20160607,-1.0
2051,20160608,-1.0
2052,20160613,-1.0
2053,20160614,-1.0
2054,20160615,-1.0
2055,20160616,-1.0
2056,20160617,-1.0
2057,20160620,-1.0
2058,20160621,-1.0
2059,20160622,-1.0
2060,20160623,-1.0
2061,20160624,-1.0
2062,20160627,-1.0
2063,20160628,-1.0
2064,20160629,-1.0
2065,20160630,-1.0
2066,20160701,-1.0
2067,20160704,-1.0
2068,20160705,-1.0
2069,20160706,-1.0
2070,20160707,-1.0
2071,20160708,-1.0
2072,20160711,-1.0
2073,20160712,-1.0
2074,20160713,-1.0
2075,20160714,-1.0
2076,20160715,-1.0
2077,20160718,-1.0
2078,20160719,-1.0
2079,20160720,-1.0
2080,20160721,-1.0
2081,20160722,-1.0
2082,20160725,-1.0
2083,20160726,-1.0
2084,20160727,-1.0
2085,20160728,-1.0
2086,20160729,-1.0
2087,20160801,-1.0
2088,20160802,-1.0
2089,20160803,-1.0
2090,20160804,-1.0
2091,20160805,-1.0
2092,20160808,-1.0
2093,20160809,-1.0
2094,20160810,-1.0
2095,20160811,-1.0
2096,20160812,-1.0
2097,20160815,-1.0
2098,20160816,-1.0
2099,20160817,-1.0
2100,20160818,-1.0
2101,20160819,-1.0
2102,20160822,-1.0
2103,20160823,-1.0
2104,20160824,-1.0
2105,20160825,-1.0
2106,20160826,-1.0
2107,20160829,-1.0
2108,20160830,-1.0
2109,20160831,-1.0
2110,20160901,-1.0
2111,20160902,-1.0
2112,20160905,-1.0
2113,20160906,-1.0
2114,20160907,-1.0
2115,20160908,-1.0
2116,20160909,-1.0
2117,20160912,-1.0
2118,20160913,-1.0
2119,20160914,-1.0
2120,20160919,-1.0
2121,20160920,-1.0
2122,20160921,-1.0
2123,20160922,-1.0
2124,20160923,-1.0
2125,20160926,-1.0
2126,20160927,-1.0
2127,20160928,-1.0
2128,20160929,-1.0
2129,20160930,-1.0
2130,20161010,-1.0
2131,20161011,-1.0
2132,20161012,-1.0
2133,20161013,-1.0
2134,20161014,-1.0
2135,20161017,-1.0
2136,20161018,-1.0
2137,20161019,-1.0
2138,20161020,-1.0
2139,20161021,-1.0
2140,20161024,-1.0
2141,20161025,-1.0
2142,20161026,-1.0
2143,20161027,-1.0
2144,20161028,-1.0
2145,20161031,-1.0
2146,20161101,-1.0
2147,20161102,-1.0
2148,20161103,-1.0
2149,20161104,-1.0
2150,20161107,-1.0
2151,20161108,-1.0
2152,20161109,-1.0
2153,20161110,-1.0
2154,20161111,-1.0
2155,20161114,-1.0
2156,20161115,-1.0
2157,20161116,-1.0
2158,20161117,-1.0
2159,20161118,-1.0
2160,20161121,-1.0
2161,20161122,-1.0
2162,20161123,-1.0
2163,20161124,-1.0
2164,20161125,-1.0
2165,20161128,-1.0
2166,20161129,-1.0
2167,20161130,-1.0
2168,20161201,-1.0
2169,20161202,-1.0
2170,20161205,-1.0
2171,20161206,-1.0
2172,20161207,-1.0
2173,20161208,-1.0
2174,20161209,-1.0
2175,20161212,-1.0
2176,20161213,-1.0
2177,20161214,-1.0
2178,20161215,-1.0
2179,20161216,-1.0
2180,20161219,-1.0
2181,20161220,-1.0
2182,20161221,-1.0
2183,20161222,-1.0
2184,20161223,-1.0
2185,20161226,-1.0
2186,20161227,-1.0
2187,20161228,-1.0
2188,20161229,-1.0
2189,20161230,-1.0
2190,20170103,-1.0
2191,20170104,-1.0
2192,20170105,-1.0
2193,20170106,-1.0
2194,20170109,-1.0
2195,20170110,-1.0
2196,20170111,-1.0
2197,20170112,-1.0
2198,20170113,-1.0
2199,20170116,-1.0
2200,20170117,-1.0
2201,20170118,-1.0
2202,20170119,-1.0
2203,20170120,-1.0
2204,20170123,-1.0
2205,20170124,-1.0
2206,20170125,-1.0
2207,20170126,-1.0
2208,20170203,-1.0
2209,20170206,-1.0
2210,20170207,-1.0
2211,20170208,-1.0
2212,20170209,-1.0
2213,20170210,-1.0
2214,20170213,-1.0
2215,20170214,-1.0
2216,20170215,-1.0
2217,20170216,-1.0
2218,20170217,-1.0
2219,20170220,-1.0
2220,20170221,-1.0
2221,20170222,-1.0
2222,20170223,-1.0
2223,20170224,-1.0
2224,20170227,-1.0
2225,20170228,-1.0
2226,20170301,-1.0
2227,20170302,-1.0
2228,20170303,-1.0
2229,20170306,-1.0
2230,20170307,-1.0
2231,20170308,-1.0
2232,20170309,-1.0
2233,20170310,-1.0
2234,20170313,-1.0
2235,20170314,-1.0
2236,20170315,-1.0
2237,20170316,-1.0
2238,20170317,-1.0
2239,20170320,-1.0
2240,20170321,-1.0
2241,20170322,-1.0
2242,20170323,-1.0
2243,20170324,-1.0
2244,20170327,-1.0
2245,20170328,-1.0
2246,20170329,-1.0
2247,20170330,-1.0
2248,20170331,-1.0
2249,20170405,-1.0
2250,20170406,-1.0
2251,20170407,-1.0
2252,20170410,-1.0
2253,20170411,-1.0
2254,20170412,-1.0
2255,20170413,-1.0
2256,20170414,-1.0
2257,20170417,-1.0
2258,20170418,-1.0
2259,20170419,-1.0
2260,20170420,-1.0
2261,20170421,-1.0
2262,20170424,-1.0
2263,20170425,-1.0
2264,20170426,-1.0
2265,20170427,-1.0
2266,20170428,-1.0
2267,20170502,-1.0
2268,20170503,-1.0
2269,20170504,-1.0
2270,20170505,-1.0
2271,20170508,-1.0
2272,20170509,-1.0
2273,20170510,-1.0
2274,20170511,-1.0
2275,20170512,-1.0
2276,20170515,-1.0
2277,20170516,-1.0
2278,20170517,-1.0
2279,20170518,-1.0
2280,20170519,-1.0
2281,20170522,-1.0
2282,20170523,-1.0
2283,20170524,-1.0
2284,20170525,-1.0
2285,20170526,-1.0
2286,20170531,-1.0
2287,20170601,-1.0
2288,20170602,-1.0
2289,20170605,-1.0
2290,20170606,-1.0
2291,20170607,-1.0
2292,20170608,-1.0
2293,20170609,-1.0
2294,20170612,-1.0
2295,20170613,-1.0
2296,20170614,-1.0
2297,20170615,-1.0
2298,20170616,-1.0
2299,20170619,-1.0
2300,20170620,-1.0
2301,20170621,-1.0
2302,20170622,-1.0
2303,20170623,-1.0
2304,20170626,-1.0
2305,20170627,-1.0
2306,20170628,-1.0
2307,20170629,-1.0
2308,20170630,-1.0
2309,20170703,-1.0
2310,20170704,-1.0
2311,20170705,-1.0
2312,20170706,-1.0
2313,20170707,-1.0
2314,20170710,-1.0
2315,20170711,-1.0
2316,20170712,-1.0
2317,20170713,-1.0
2318,20170714,-1.0
2319,20170717,-1.0
2320,20170718,-1.0
2321,20170719,-1.0
2322,20170720,-1.0
2323,20170721,-1.0
2324,20170724,-1.0
2325,20170725,-1.0
2326,20170726,-1.0
2327,20170727,-1.0
2328,20170728,-1.0
2329,20170731,-1.0
2330,20170801,-1.0
2331,20170802,-1.0
2332,20170803,-1.0
2333,20170804,-1.0
2334,20170807,-1.0
2335,20170808,-1.0
2336,20170809,-1.0
2337,20170810,-1.0
2338,20170811,-1.0
2339,20170814,-1.0
2340,20170815,-1.0
2341,20170816,-1.0
2342,20170817,-1.0
2343,20170818,-1.0
2344,20170821,-1.0
2345,20170822,-1.0
2346,20170823,-1.0
2347,20170824,-1.0
2348,20170825,-1.0
2349,20170828,-1.0
2350,20170829,-1.0
2351,20170830,-1.0
2352,20170831,-1.0
2353,20170901,-1.0
2354,20170904,-1.0
2355,20170905,-1.0
2356,20170906,-1.0
2357,20170907,-1.0
2358,20170908,-1.0
2359,20170911,-1.0
2360,20170912,-1.0
2361,20170913,-1.0
2362,20170914,-1.0
2363,20170915,-1.0
2364,20170918,-1.0
2365,20170919,-1.0
2366,20170920,-1.0
2367,20170921,-1.0
2368,20170922,-1.0
2369,20170925,-1.0
2370,20170926,-1.0
2371,20170927,-1.0
2372,20170928,-1.0
2373,20170929,-1.0
2374,20171009,-1.0
2375,20171010,-1.0
2376,20171011,-1.0
2377,20171012,-1.0
2378,20171013,-1.0
2379,20171016,-1.0
2380,20171017,-1.0
2381,20171018,-1.0
2382,20171019,-1.0
2383,20171020,-1.0
2384,20171023,-1.0
2385,20171024,-1.0
2386,20171025,-1.0
2387,20171026,-1.0
2388,20171027,-1.0
2389,20171030,-1.0
2390,20171031,-1.0
2391,20171101,-1.0
2392,20171102,-1.0
2393,20171103,-1.0
2394,20171106,-1.0
2395,20171107,-1.0
2396,20171108,-1.0
2397,20171109,-1.0
2398,20171110,-1.0
2399,20171113,-1.0
2400,20171114,-1.0
2401,20171115,-1.0
2402,20171116,-1.0
2403,20171117,-1.0
2404,20171120,-1.0
2405,20171121,-1.0
2406,20171122,-1.0
2407,20171123,-1.0
2408,20171124,-1.0
2409,20171127,-1.0
2410,20171128,-1.0
2411,20171129,-1.0
2412,20171130,-1.0
2413,20171201,-1.0
2414,20171204,-1.0
2415,20171205,-1.0
2416,20171206,-1.0
2417,20171207,-1.0
2418,20171208,-1.0
2419,20171211,-1.0
2420,20171212,-1.0
2421,20171213,-1.0
2422,20171214,-1.0
2423,20171215,-1.0
2424,20171218,-1.0
2425,20171219,-1.0
2426,20171220,-1.0
2427,20171221,-1.0
2428,20171222,-1.0
2429,20171225,-1.0
2430,20171226,-1.0
2431,20171227,-1.0
2432,20171228,-1.0
2433,20171229,-1.0
2434,20180102,-1.0
2435,20180103,-1.0
2436,20180104,-1.0
2437,20180105,-1.0
2438,20180108,-1.0
2439,20180109,-1.0
2440,20180110,-1.0
2441,20180111,-1.0
2442,20180112,-1.0
2443,20180115,-1.0
2444,20180116,-1.0
2445,20180117,-1.0
2446,20180118,-1.0
2447,20180119,-1.0
2448,20180122,-1.0
2449,20180123,-1.0
2450,20180124,-1.0
2451,20180125,-1.0
2452,20180126,-1.0
2453,20180129,-1.0
2454,20180130,-1.0
2455,20180131,-1.0
2456,20180201,-1.0
2457,20180202,-1.0
2458,20180205,-1.0
2459,20180206,-1.0
2460,20180207,-1.0
2461,20180208,-1.0
2462,20180209,-1.0
2463,20180212,-1.0
2464,20180213,-1.0
2465,20180214,-1.0
2466,20180222,-1.0
2467,20180223,-1.0
2468,20180226,-1.0
2469,20180227,-1.0
2470,20180228,-1.0
2471,20180301,-1.0
2472,20180302,-1.0
2473,20180305,-1.0
2474,20180306,-1.0
2475,20180307,-1.0
2476,20180308,-1.0
2477,20180309,-1.0
2478,20180312,-1.0
2479,20180313,-1.0
2480,20180314,-1.0
2481,20180315,-1.0
2482,20180316,-1.0
2483,20180319,-1.0
2484,20180320,-1.0
2485,20180321,-1.0
2486,20180322,-1.0
2487,20180323,-1.0
2488,20180326,-1.0
2489,20180327,-1.0
2490,20180328,-1.0
2491,20180329,-1.0
2492,20180330,-1.0
2493,20180402,-1.0
2494,20180403,-1.0
2495,20180404,-1.0
2496,20180409,-1.0
2497,20180410,-1.0
2498,20180411,-1.0
2499,20180412,-1.0
2500,20180413,-1.0
2501,20180416,-1.0
2502,20180417,-1.0
2503,20180418,-1.0
2504,20180419,-1.0
2505,20180420,-1.0
2506,20180423,-1.0
2507,20180424,-1.0
2508,20180425,-1.0
2509,20180426,-1.0
2510,20180427,-1.0
2511,20180502,-1.0
2512,20180503,-1.0
2513,20180504,-1.0
2514,20180507,-1.0
2515,20180508,-1.0
2516,20180509,-1.0
2517,20180510,-1.0
2518,20180511,-1.0
2519,20180514,-1.0
2520,20180515,-1.0
2521,20180516,-1.0
2522,20180517,-1.0
2523,20180518,-1.0
2524,20180521,-1.0
2525,20180522,-1.0
2526,20180523,-1.0
2527,20180524,-1.0
2528,20180525,-1.0
2529,20180528,-1.0
2530,20180529,-1.0
2531,20180530,-1.0
2532,20180531,-1.0
2533,20180601,-1.0
2534,20180604,-1.0
2535,20180605,-1.0
2536,20180606,-1.0
2537,20180607,-1.0
2538,20180608,-1.0
2539,20180611,-1.0
2540,20180612,-1.0
2541,20180613,-1.0
2542,20180614,-1.0
2543,20180615,-1.0
2544,20180619,-1.0
2545,20180620,-1.0
2546,20180621,-1.0
2547,20180622,-1.0
2548,20180625,-1.0
2549,20180626,-1.0
2550,20180627,-1.0
2551,20180628,-1.0
2552,20180629,-1.0
2553,20180702,-1.0
2554,20180703,-1.0
2555,20180704,-1.0
2556,20180705,-1.0
2557,20180706,-1.0
2558,20180709,-1.0
2559,20180710,-1.0
2560,20180711,-1.0
2561,20180712,-1.0
2562,20180713,-1.0
2563,20180716,-1.0
2564,20180717,-1.0
2565,20180718,-1.0
2566,20180719,-1.0
2567,20180720,-1.0
2568,20180723,-1.0
2569,20180724,-1.0
2570,20180725,-1.0
2571,20180726,-1.0
2572,20180727,-1.0
2573,20180730,-1.0
2574,20180731,-1.0
2575,20180801,-1.0
2576,20180802,-1.0
2577,20180803,-1.0
2578,20180806,-1.0
2579,20180807,-1.0
2580,20180808,-1.0
2581,20180809,-1.0
2582,20180810,-1.0
2583,20180813,-1.0
2584,20180814,-1.0
2585,20180815,-1.0
2586,20180816,-1.0
2587,20180817,-1.0
2588,20180820,-1.0
2589,20180821,-1.0
2590,20180822,-1.0
2591,20180823,-1.0
2592,20180824,-1.0
2593,20180827,-1.0
2594,20180828,-1.0
2595,20180829,-1.0
2596,20180830,-1.0
2597,20180831,-1.0
2598,20180903,-1.0
2599,20180904,-1.0
2600,20180905,-1.0
2601,20180906,-1.0
2602,20180907,-1.0
2603,20180910,-1.0
2604,20180911,-1.0
2605,20180912,-1.0
2606,20180913,-1.0
2607,20180914,-1.0
2608,20180917,-1.0
2609,20180918,-1.0
2610,20180919,-1.0
2611,20180920,-1.0
2612,20180921,-1.0
2613,20180925,-1.0
2614,20180926,-1.0
2615,20180927,-1.0
2616,20180928,-1.0
2617,20181008,-1.0
2618,20181009,-1.0
2619,20181010,-1.0
2620,20181011,-1.0
2621,20181012,-1.0
2622,20181015,-1.0
2623,20181016,-1.0
2624,20181017,-1.0
2625,20181018,-1.0
2626,20181019,-1.0
2627,20181022,-1.0
2628,20181023,-1.0
2629,20181024,-1.0
2630,20181025,-1.0
2631,20181026,-1.0
2632,20181029,-1.0
2633,20181030,-1.0
2634,20181031,-1.0
2635,20181101,-1.0
2636,20181102,-1.0
2637,20181105,-1.0
2638,20181106,-1.0
2639,20181107,-1.0
2640,20181108,-1.0
2641,20181109,-1.0
2642,20181112,-1.0
2643,20181113,-1.0
2644,20181114,-1.0
2645,20181115,-1.0
2646,20181116,-1.0
2647,20181119,-1.0
2648,20181120,-1.0
2649,20181121,-1.0
2650,20181122,-1.0
2651,20181123,-1.0
2652,20181126,-1.0
2653,20181127,-1.0
2654,20181128,-1.0
2655,20181129,-1.0
2656,20181130,-1.0
2657,20181203,-1.0
2658,20181204,-1.0
2659,20181205,-1.0
2660,20181206,-1.0
2661,20181207,-1.0
2662,20181210,-1.0
2663,20181211,-1.0
2664,20181212,-1.0
2665,20181213,-1.0
2666,20181214,-1.0
2667,20181217,-1.0
2668,20181218,-1.0
2669,20181219,-1.0
2670,20181220,-1.0
2671,20181221,-1.0
2672,20181224,-1.0
2673,20181225,-1.0
2674,20181226,-1.0
2675,20181227,-1.0
2676,20181228,-1.0
2677,20190102,-1.0
2678,20190103,-1.0
2679,20190104,-1.0
2680,20190107,-1.0
2681,20190108,-1.0
2682,20190109,-1.0
2683,20190110,-1.0
2684,20190111,-1.0
2685,20190114,-1.0
2686,20190115,-1.0
2687,20190116,-1.0
2688,20190117,-1.0
2689,20190118,-1.0
2690,20190121,-1.0
2691,20190122,-1.0
2692,20190123,-1.0
2693,20190124,-1.0
2694,20190125,-1.0
2695,20190128,-1.0
2696,20190129,-1.0
2697,20190130,-1.0
2698,20190131,-1.0
2699,20190201,-1.0
2700,20190211,-1.0
2701,20190212,-1.0
2702,20190213,-1.0
2703,20190214,-1.0
2704,20190215,-1.0
2705,20190218,-1.0
2706,20190219,-1.0
2707,20190220,-1.0
2708,20190221,-1.0
2709,20190222,-1.0
2710,20190225,-1.0
2711,20190226,-1.0
2712,20190227,-1.0
2713,20190228,-1.0
2714,20190301,-1.0
2715,20190304,-1.0
2716,20190305,-1.0
2717,20190306,-1.0
2718,20190307,-1.0
2719,20190308,-1.0
2720,20190311,-1.0
2721,20190312,-1.0
2722,20190313,-1.0
2723,20190314,-1.0
2724,20190315,-1.0
2725,20190318,-1.0
2726,20190319,-1.0
2727,20190320,-1.0
2728,20190321,-1.0
2729,20190322,-1.0
2730,20190325,-1.0
2731,20190326,-1.0
2732,20190327,-1.0
2733,20190328,-1.0
2734,20190329,-1.0
2735,20190401,-1.0
2736,20190402,-1.0
2737,20190403,-1.0
2738,20190404,-1.0
2739,20190408,-1.0
2740,20190409,-1.0
2741,20190410,-1.0
2742,20190411,-1.0
2743,20190412,-1.0
2744,20190415,-1.0
2745,20190416,-1.0
2746,20190417,-1.0
2747,20190418,-1.0
2748,20190419,-1.0
2749,20190422,-1.0
2750,20190423,-1.0
2751,20190424,-1.0
2752,20190425,-1.0
2753,20190426,-1.0
2754,20190429,-1.0
2755,20190430,-1.0
2756,20190506,-1.0
2757,20190507,-1.0
2758,20190508,-1.0
2759,20190509,-1.0
2760,20190510,-1.0
2761,20190513,-1.0
2762,20190514,-1.0
2763,20190515,-1.0
2764,20190516,-1.0
2765,20190517,-1.0
2766,20190520,-1.0
2767,20190521,-1.0
2768,20190522,-1.0
2769,20190523,-1.0
2770,20190524,-1.0
2771,20190527,-1.0
2772,20190528,-1.0
2773,20190529,-1.0
2774,20190530,-1.0
2775,20190531,-1.0
2776,20190603,-1.0
2777,20190604,-1.0
2778,20190605,-1.0
2779,20190606,-1.0
2780,20190610,-1.0
2781,20190611,-1.0
2782,20190612,-1.0
2783,20190613,-1.0
2784,20190614,-1.0
2785,20190617,-1.0
2786,20190618,-1.0
2787,20190619,-1.0
2788,20190620,-1.0
2789,20190621,-1.0
2790,20190624,-1.0
2791,20190625,-1.0
2792,20190626,-1.0
2793,20190627,-1.0
2794,20190628,-1.0
2795,20190701,-1.0
2796,20190702,-1.0
2797,20190703,-1.0
2798,20190704,-1.0
2799,20190705,-1.0
2800,20190708,-1.0
2801,20190709,-1.0
2802,20190710,-1.0
2803,20190711,-1.0
2804,20190712,-1.0
2805,20190715,-1.0
2806,20190716,-1.0
2807,20190717,-1.0
2808,20190718,-1.0
2809,20190719,-1.0
2810,20190722,-1.0
2811,20190723,-1.0
2812,20190724,-1.0
2813,20190725,-1.0
2814,20190726,-1.0
2815,20190729,-1.0
2816,20190730,-1.0
2817,20190731,-1.0
2818,20190801,-1.0
2819,20190802,-1.0
2820,20190805,-1.0
2821,20190806,-1.0
2822,20190807,-1.0
2823,20190808,-1.0
2824,20190809,-1.0
2825,20190812,-1.0
2826,20190813,-1.0
2827,20190814,-1.0
2828,20190815,-1.0
2829,20190816,-1.0
2830,20190819,-1.0
2831,20190820,-1.0
2832,20190821,-1.0
2833,20190822,-1.0
2834,20190823,-1.0
2835,20190826,-1.0
2836,20190827,-1.0
2837,20190828,-1.0
2838,20190829,-1.0
2839,20190830,-1.0
2840,20190902,-1.0
2841,20190903,-1.0
2842,20190904,-1.0
2843,20190905,-1.0
2844,20190906,-1.0
2845,20190909,-1.0
2846,20190910,-1.0
2847,20190911,-1.0
2848,20190912,-1.0
2849,20190916,-1.0
2850,20190917,-1.0
2851,20190918,-1.0
2852,20190919,-1.0
2853,20190920,-1.0
2854,20190923,-1.0
2855,20190924,-1.0
2856,20190925,-1.0
2857,20190926,-1.0
2858,20190927,-1.0
2859,20190930,-1.0
2860,20191008,-1.0
2861,20191009,-1.0
2862,20191010,-1.0
2863,20191011,-1.0
2864,20191014,-1.0
2865,20191015,-1.0
2866,20191016,-1.0
2867,20191017,-1.0
2868,20191018,-1.0
2869,20191021,-1.0
2870,20191022,-1.0
2871,20191023,-1.0
2872,20191024,-1.0
2873,20191025,-1.0
2874,20191028,-1.0
2875,20191029,-1.0
2876,20191030,-1.0
2877,20191031,-1.0
2878,20191101,-1.0
2879,20191104,-1.0
2880,20191105,-1.0
2881,20191106,-1.0
2882,20191107,-1.0
2883,20191108,-1.0
2884,20191111,-1.0
2885,20191112,-1.0
2886,20191113,-1.0
2887,20191114,-1.0
2888,20191115,-1.0
2889,20191118,-1.0
2890,20191119,-1.0
2891,20191120,-1.0
2892,20191121,-1.0
2893,20191122,-1.0
2894,20191125,-1.0
2895,20191126,-1.0
2896,20191127,-1.0
2897,20191128,-1.0
2898,20191129,-1.0
2899,20191202,-1.0
2900,20191203,1.000564
2901,20191204,0.9996805019880001
2902,20191205,1.000174344155982
2903,20191206,0.9995552362369494
2904,20191209,1.0018642088326568
2905,20191210,1.0010717342434703
2906,20191211,0.9982036637248627
2907,20191212,0.9963929222788658
2908,20191213,0.9957333101643171
2909,20191216,0.9990451191539236
2910,20191217,0.9969880852535856
2911,20191218,0.9953300940678089
2912,20191219,1.0001156411600869
2913,20191220,0.9930398229988793
2914,20191223,0.9965760378085782
2915,20191224,1.0028225764135623
2916,20191225,1.0034633800398907
2917,20191226,1.0030820639554754
2918,20191227,0.9994559222942763
2919,20191230,0.9993279919362226
2920,20191231,0.9968446618762611
2921,20200102,1.001099194893149
2922,20200103,0.999027920658915
2923,20200106,1.0040859990212112
2924,20200107,1.0057477613495913
2925,20200108,1.0148849797614523
2926,20200109,1.0142445873392227
2927,20200110,1.0066347102004165
2928,20200113,1.0084114204639203
2929,20200114,1.0106480769945094
2930,20200115,1.0074655462000537
2931,20200116,1.0068953207009046
2932,20200117,1.0031768562815562
2933,20200120,1.0053637818282501
2934,20200121,1.0009502348260242
2935,20200122,1.010167985538537
2936,20200123,1.012047908159624
2937,20200203,1.0042227537337338
2938,20200204,1.0038873433339868
2939,20200205,1.0011567697601182
2940,20200206,0.9967086302320741
2941,20200207,0.9968511595661973
2942,20200210,1.0079630594418818
2943,20200211,1.0053907377141862
2944,20200212,1.0188649843810316
2945,20200213,1.0210392422577008
2946,20200214,1.016209726641822
2947,20200217,1.0156914596812345
2948,20200218,1.0233355536067954
2949,20200219,1.02547330157828
2950,20200220,1.0269315246131243
2951,20200221,1.0250142434566716
2952,20200224,1.023325019983455
2953,20200225,1.0232810170075957
2954,20200226,1.0196606487694226
2955,20200227,1.0269542813900703
2956,20200228,1.0161548301669723
2957,20200302,1.021205119672902
2958,20200303,1.0188961748973215
2959,20200304,1.0126370956949273
2960,20200305,1.026001880083909
2961,20200306,1.0373679289114786
2962,20200309,1.0386584146150444
2963,20200310,1.0465065175958757
2964,20200311,1.043437113979767
2965,20200312,1.0390223315505185
2966,20200313,1.058216191081251
2967,20200316,1.0479303297039413
2968,20200317,1.0650032106354779
2969,20200318,1.0683569057457691
2970,20200319,1.0764283421686784
2971,20200320,1.069208737277753
2972,20200323,1.0649543557121248
2973,20200324,1.0554262090915685
2974,20200325,1.0548942742821863
2975,20200326,1.034881875004779
2976,20200327,1.0323008796085171
2977,20200330,1.0318507964250079
2978,20200331,1.0234081932086585
2979,20200401,1.0283287398016057
2980,20200402,1.0341398255102245
2981,20200403,1.0210672639759497
2982,20200407,1.0207435856532694
2983,20200408,1.0174976210508921
2984,20200409,1.017991107397102
2985,20200410,1.0144189766012455
2986,20200413,1.0086469326243843
2987,20200414,1.018065677681231
2988,20200415,1.024411281050218
2989,20200416,1.0382695168602654
2990,20200417,1.0383795734290524
2991,20200420,1.03690715119393
2992,20200421,1.0341458674503006
2993,20200422,1.0368336125598039
2994,20200423,1.025167160751281
2995,20200424,1.0370170679624051
2996,20200427,1.0408892896941766
2997,20200428,1.0349104216141733
2998,20200429,1.03869094938433
2999,20200430,1.0464094618292048
3000,20200506,1.0498981909749434
3001,20200507,1.0440219108000568
3002,20200508,1.038449965862117
3003,20200511,1.0399951794113196
3004,20200512,1.0404028575216488
3005,20200513,1.0372088207490573
3006,20200514,1.0326036135849315
3007,20200515,1.0272898353894235
3008,20200518,1.0198008924894346
3009,20200519,1.0188269826371072
3010,20200520,1.0255064123352762
3011,20200521,1.023967127210361
3012,20200522,1.0192282073456316
3013,20200525,1.0100204997204711
3014,20200526,1.0089539180727665
3015,20200527,1.0061651694432134
3016,20200528,1.0024675124455096
3017,20200529,0.9967564550271075
3018,20200601,0.998351265355151
3019,20200602,0.9999356488132696
3020,20200603,0.9973478153541407
3021,20200604,0.9956593055027463
3022,20200605,0.9947512642161278
3023,20200608,1.0008421262069234
3024,20200609,1.0002186015622965
3025,20200610,0.9980411256666953
3026,20200611,1.0022468709702548
3027,20200612,0.9960980864168523
3028,20200615,0.992656567528282
3029,20200616,0.9932005433272875
3030,20200617,0.9881967989900046
3031,20200618,0.9934223836630637
3032,20200619,0.9957062617231052
3033,20200622,0.9980451757318927
3034,20200623,0.9934551659687016
3035,20200624,0.9971796293859183
3036,20200629,1.002972245853021
3037,20200630,0.9992722812380692
3038,20200701,0.9985188299380157
3039,20200702,0.9954623637995754
3040,20200703,0.9901446038521581
3041,20200706,0.9818561033733116
3042,20200707,0.9856666869105035
3043,20200708,0.9856312029097747
3044,20200709,0.9876793445494212
3045,20200710,0.9794895074244174
3046,20200713,0.9874850802735229
3047,20200714,0.9916038805433437
3048,20200715,0.9905041918398211
3049,20200716,0.9907013021739972
3050,20200717,0.992266610231432
3051,20200720,1.0033720581331422
3052,20200721,1.0080226876225893
3053,20200722,1.001544125809239
3054,20200723,1.010831444487868
3055,20200724,1.0136425667349889
3056,20200727,1.0187087522835303
3057,20200728,1.0130477877470907
3058,20200729,1.0156209291279683
3059,20200730,1.029729935075414
3060,20200731,1.035327547002484
3061,20200803,1.0347156684222056
3062,20200804,1.025239742330795
3063,20200805,1.0276562324034686
3064,20200806,1.020573625649744
3065,20200807,1.0234649107312097
3066,20200810,1.0307366289219548
3067,20200811,1.0257839394199848
3068,20200812,1.0241488398205494
3069,20200813,1.0304688623110818
3070,20200814,1.026815850194189
3071,20200817,1.0217947206867395
3072,20200818,1.0228686269381813
3073,20200819,1.0199186738180916
3074,20200820,1.0174739287569496
3075,20200821,1.0125554597853386
3076,20200824,1.0186642068742235
3077,20200825,1.0203419468229453
3078,20200826,1.0222193760050997
3079,20200827,1.0322238370380616
3080,20200828,1.0253605807455957
3081,20200831,1.0237097502105952
3082,20200901,1.0362184596484185
3083,20200902,1.03683293719499
3084,20200903,1.0310629618995
3085,20200904,1.0389227548580597
3086,20200907,1.0451708363057761
3087,20200908,1.0519236850791478
3088,20200909,1.0535057783015067
3089,20200910,1.040295869347384
3090,20200911,1.0618643236065632
3091,20200914,1.0738793184281714
3092,20200915,1.0695322549471742
3093,20200916,1.0820329479429966
3094,20200917,1.0866651309931405
3095,20200918,1.0774654239941526
3096,20200921,1.0800007001368108
3097,20200922,1.0697838935135167
3098,20200923,1.0781175100439868
3099,20200924,1.066894306764429
3100,20200925,1.0665966432528418
3101,20200928,1.0735732518963585
3102,20200929,1.074925954193748
3103,20200930,1.0869264275463668
3104,20201009,1.110882286009489
3105,20201012,1.1200181819296309
3106,20201013,1.1231643130026712
3107,20201014,1.1414112404317125
3108,20201015,1.1307767119046102
3109,20201016,1.1199393478977164
3110,20201019,1.1138681566927628
3111,20201020,1.1212976572979034
3112,20201021,1.1085126214093928
3113,20201022,1.1120920086639237
3114,20201023,1.1162323272121795
3115,20201026,1.1401409074287372
3116,20201027,1.1324460964445007
3117,20201028,1.1385986760864837
3118,20201029,1.1360129184930912
3119,20201030,1.1407421402727778
3120,20201102,1.1583301025915034
3121,20201103,1.1509040483037893
3122,20201104,1.1477908528531275
3123,20201105,1.1565817829951297
3124,20201106,1.15007138413865
3125,20201109,1.1424130587916708
3126,20201110,1.137542951922042
3127,20201111,1.1291251340778188
3128,20201112,1.1287175199044168
3129,20201113,1.1352324774293052
3130,20201116,1.134290234473039
3131,20201117,1.127660308052544
3132,20201118,1.1238330289670138
3133,20201119,1.1218337300084815
3134,20201120,1.1295070727217396
3135,20201123,1.1347683166664775
3136,20201124,1.144823498720459
3137,20201125,1.1518137910036461
3138,20201126,1.1528331462086843
3139,20201127,1.1449512259880554
3140,20201130,1.1372514289932858
3141,20201201,1.1329071285345313
3142,20201202,1.1268211514400437
3143,20201203,1.1212501476673242
3144,20201204,1.1193294461643701
3145,20201207,1.1273416063400148
3146,20201208,1.1301329041573125
3147,20201209,1.1266984302615783
3148,20201210,1.1411393240422412
3149,20201211,1.1385352441047767
3150,20201214,1.1484336695170236
3151,20201215,1.1536820113867163
3152,20201216,1.1551933348216328
3153,20201217,1.150884463682748
3154,20201218,1.1685390313556412
3155,20201221,1.1871410041957917
3156,20201222,1.187354689576547
3157,20201223,1.2157823355543886
3158,20201224,1.226162685135352
3159,20201225,1.2482483274200098
3160,20201228,1.245133947843097
3161,20201229,1.2148460645618135
3162,20201230,1.2126204665715363
3163,20201231,1.213829449176708
3164,20210104,1.2423787178213443
3165,20210105,1.2321303357780362
3166,20210106,1.2273151704258156
3167,20210107,1.2430763518444239
3168,20210108,1.2394055473774273
3169,20210111,1.2162720428356275
3170,20210112,1.2150667172411775
3171,20210113,1.2126134975390677
3172,20210114,1.209979701022413
3173,20210115,1.2132696358294928
3174,20210118,1.2067119134478344
3175,20210119,1.1970208100709347
3176,20210120,1.2048122185236865
3177,20210121,1.213633853587717
3178,20210122,1.2295324570697161
3179,20210125,1.2287984261928455
3180,20210126,1.2338549317166292
3181,20210127,1.2477740492013245
3182,20210128,1.2374562055884788
3183,20210129,1.2294313020952377
3184,20210201,1.2273695458016238
3185,20210202,1.2260353951053375
3186,20210203,1.219266453688961
3187,20210204,1.2168157281170462
3188,20210205,1.2037909325632812
3189,20210208,1.2076466749202814
3190,20210209,1.2152017125185828
3191,20210210,1.2169734766154348
3192,20210218,1.2124487692293786
3193,20210219,1.2110726398763032
3194,20210222,1.2161494563826647
3195,20210223,1.2158089345348777
3196,20210224,1.2168946519134174
3197,20210225,1.2044652899387738
3198,20210226,1.209815524756682
3199,20210301,1.2175668128237982
3200,20210302,1.2322336226510737
3201,20210303,1.2206752712706068
3202,20210304,1.2116495983148319
3203,20210305,1.2098406054645479
3204,20210308,1.2117896586799513
3205,20210309,1.2162684332584324
3206,20210310,1.2168960277699936
3207,20210311,1.2194478587402273
3208,20210312,1.2394602175500131
3209,20210315,1.239606473855684
3210,20210316,1.2503315490674836
3211,20210317,1.239223603585568
3212,20210318,1.2417838395505756
3213,20210319,1.2475866954327954
3214,20210322,1.2632089760330047
3215,20210323,1.244302527288719
3216,20210324,1.246509919972129
3217,20210325,1.2308724530260786
3218,20210326,1.2465882325063156
3219,20210329,1.238476682877397
3220,20210330,1.2344392488912166
3221,20210331,1.2386746099541623
3222,20210401,1.2373219772800925
3223,20210402,1.2294179644892274
3224,20210406,1.2400708711515265
3225,20210407,1.2367747627760057
3226,20210408,1.2265466354878483
3227,20210409,1.2226879197726035
3228,20210412,1.2191714693153375
3229,20210413,1.2081842960338676
3230,20210414,1.212048069412584
3231,20210415,1.206955043424912
3232,20210416,1.2031169263868209
3233,20210419,1.2111272788827043
3234,20210420,1.2101741217142237
3235,20210421,1.1976585009474552
3236,20210422,1.2013664516663884
3237,20210423,1.213763352081134
3238,20210426,1.2096608319510997
3239,20210427,1.1986855792228075
3240,20210428,1.2039837694829725
3241,20210429,1.2000611903619969
3242,20210430,1.207127150650848
3243,20210506,1.2065404868556318
3244,20210507,1.20618817703347
3245,20210510,1.2013815171479916
3246,20210511,1.192941811990027
3247,20210512,1.1869401217339053
3248,20210513,1.1802754529503694
3249,20210514,1.181689422943004
3250,20210517,1.1866087960107157
3251,20210518,1.1820059404909902
3252,20210519,1.1937562615454111
3253,20210520,1.1960100733672088
3254,20210521,1.2004640148804284
3255,20210524,1.1958758414155555
3256,20210525,1.1846274332512008
3257,20210526,1.1795939512873166
3258,20210527,1.1795597430627294
3259,20210528,1.1837931829805817
3260,20210531,1.1918986149044497
3261,20210601,1.1799033472440514
3262,20210602,1.184470753101233
3263,20210603,1.1809457681400037
3264,20210604,1.1840268556490812
3265,20210607,1.1742444257677085
3266,20210608,1.179691745658845
3267,20210609,1.181545041391275
3268,20210610,1.194666099075925
3269,20210611,1.2005629709409638
3270,20210615,1.2020960898548554
3271,20210616,1.1912928522953299
3272,20210617,1.1897799103729148
3273,20210618,1.2056670415161241
3274,20210621,1.2162431528043036
3275,20210622,1.2172514183779783
3276,20210623,1.222907985719181
3277,20210624,1.2449851435853694
3278,20210625,1.2355780358404382
3279,20210628,1.2447373758201232
3280,20210629,1.2535289559055407
3281,20210630,1.2542773126922162
3282,20210701,1.2396373878984726
3283,20210702,1.2519569042594076
3284,20210705,1.251760347025439
3285,20210706,1.250481047950779
3286,20210707,1.2697071940630222
3287,20210708,1.284548801454425
3288,20210709,1.2960686351058686
3289,20210712,1.2968048020906087
3290,20210713,1.3009091892892255
3291,20210714,1.2922282222690984
3292,20210715,1.2987746504431137
3293,20210716,1.3029956680570538
3294,20210719,1.3021656598165015
3295,20210720,1.3091322460965198
3296,20210721,1.3200870647318554
3297,20210722,1.3314596147945204
3298,20210723,1.346326692853316
3299,20210726,1.368767266169795
3300,20210727,1.352306471026837
3301,20210728,1.3476247860241422
3302,20210729,1.375317127752152
3303,20210730,1.4141244511459345
3304,20210802,1.4148018167580334
3305,20210803,1.3995290311461304
3306,20210804,1.4272453040789483
3307,20210805,1.4309789777944188
3308,20210806,1.444948194575648
3309,20210809,1.42730248722349
3310,20210810,1.4309635181032183
3311,20210811,1.4670781753731075
3312,20210812,1.4656419058394172
3313,20210813,1.466420161691418
3314,20210816,1.4562710677523518
3315,20210817,1.4555196318813917
3316,20210818,1.4453586493312276
3317,20210819,1.4397564392064197
3318,20210820,1.4481171048488912
3319,20210823,1.4593298755917363
3320,20210824,1.4521995898195952
3321,20210825,1.4658662401593874
3322,20210826,1.473707158678
3323,20210827,1.4711090129572506
3324,20210830,1.491951685452829
3325,20210831,1.4849007217873789
3326,20210901,1.4571226839849023
3327,20210902,1.4990105897814163
3328,20210903,1.5048957053568983
3329,20210906,1.4855788640829373
3330,20210907,1.48867629601455
3331,20210908,1.4803411974331646
3332,20210909,1.4714517485425784
3333,20210910,1.4719240845538606
3334,20210913,1.4704801270269132
3335,20210914,1.472985825163367
3336,20210915,1.5076672764168384
3337,20210916,1.4919845214075504
3338,20210917,1.5077279420774428
3339,20210922,1.546865543997889
3340,20210923,1.5439079370777649
3341,20210924,1.5447323839161644
3342,20210927,1.533610310751968
3343,20210928,1.5419669533352556
3344,20210929,1.5619200057114138
3345,20210930,1.5676366329323175
3346,20211008,1.5388360127120848
3347,20211011,1.5084239965928559
3348,20211012,1.502121801135091
3349,20211013,1.5073206446888194
3350,20211014,1.5292717552374229
3351,20211015,1.5258828890278167
3352,20211018,1.5477335319986951
3353,20211019,1.545430504503081
3354,20211020,1.5618738850709937
3355,20211021,1.5518216647466767
3356,20211022,1.5347267972878273
3357,20211025,1.5608662640992335
3358,20211026,1.5663839263428243
3359,20211027,1.5979387305390007
3360,20211028,1.6084212086113363
3361,20211029,1.6034576207615616
3362,20211101,1.6169314751488209
3363,20211102,1.6138447529627618
3364,20211103,1.6107058249182493
3365,20211104,1.638313322757348
3366,20211105,1.6308180393057332
3367,20211108,1.6395005145469972
3368,20211109,1.635447669275037
3369,20211110,1.629501181549553
3370,20211111,1.6176840389809557
3371,20211112,1.6419379757773973
3372,20211115,1.6395194011390772
3373,20211116,1.638489782955162
3374,20211117,1.6646236949932967
3375,20211118,1.6713970488082246
3376,20211119,1.6825385815355802
3377,20211122,1.672811825995723
3378,20211123,1.6701587464396939
3379,20211124,1.6474796608217892
3380,20211125,1.6618127338709388
3381,20211126,1.669636548222003
3382,20211129,1.6774103759905246
3383,20211130,1.6777492128864746
3384,20211201,1.6746923538205956
3385,20211202,1.6642556710715857
3386,20211203,1.6717365003130522
3387,20211206,1.6722597538376502
3388,20211207,1.6657981421488215
3389,20211208,1.6643972059112744
3390,20211209,1.6511486041522208
3391,20211210,1.6498045691884409
3392,20211213,1.6613152556676687
3393,20211214,1.6614531448338892
3394,20211215,1.681659737981359
3395,20211216,1.6880248200896182
3396,20211217,1.7006968224140309
3397,20211220,1.6765826421690222
3398,20211221,1.6696030286296726
3399,20211222,1.6593282915914855
3400,20211223,1.6774614311619973
3401,20211224,1.6538947755156024
3402,20211227,1.6544670231079308
3403,20211228,1.6503573270225307
3404,20211229,1.6554536304483762
3405,20211230,1.6450457934737472
3406,20211231,1.6536905091184517
3407,20220104,1.6399483409876774
3408,20220105,1.628826211339099
3409,20220106,1.63330385459407
3410,20220107,1.6313063239799015
3411,20220110,1.6207713477396393
3412,20220111,1.621748672862326
3413,20220112,1.6306115293595187
3414,20220113,1.6294603176197908
3415,20220114,1.623403613619198
3416,20220117,1.6118271224504797
3417,20220118,1.6193769206920376
3418,20220119,1.6149916479908035
3419,20220120,1.6069328396673292
3420,20220121,1.6155026125012752
3421,20220124,1.6208596191643296
3422,20220125,1.6152563074608786
3423,20220126,1.6344148625236719
3424,20220127,1.630011748884033
3425,20220128,1.6375554432578685
3426,20220207,1.643368765081434
3427,20220208,1.6347690163337627
3428,20220209,1.623510362118272
3429,20220210,1.6080009676289562
3430,20220211,1.5933183107935363
3431,20220214,1.5900727213944499
3432,20220215,1.6013749582981214
3433,20220216,1.5995846210947442
3434,20220217,1.6131123082353422
3435,20220218,1.6010559068435912
3436,20220221,1.6019717108223057
3437,20220222,1.604952980176146
3438,20220223,1.6148988737942975
3439,20220224,1.6278519776610016
3440,20220225,1.6357421761967246
3441,20220228,1.6359679086170398
3442,20220301,1.6348914417331697
3443,20220302,1.6361437685775373
3444,20220303,1.630227472710361
3445,20220304,1.6264991424802724
3446,20220307,1.6231241567596257
3447,20220308,1.6334374876516764
3448,20220309,1.6404498347861651
3449,20220310,1.6502351180506647
3450,20220311,1.6330033629479797
3451,20220314,1.6248383461332399
3452,20220315,1.6124229563304358
3453,20220316,1.6160847688642621
3454,20220317,1.600345719300293
3455,20220318,1.5945092584620049
3456,20220321,1.5868285073639934
3457,20220322,1.5795560723147442
3458,20220323,1.6038780767162466
3459,20220324,1.5918249329697238
3460,20220325,1.5780142598512785
3461,20220328,1.570706475813907
3462,20220329,1.5596785456472175
3463,20220330,1.5691068024556551
3464,20220331,1.554691418261495
3465,20220401,1.543912742658688
3466,20220406,1.5338062898452443
3467,20220407,1.5252905973240234
3468,20220408,1.52245965797539
3469,20220411,1.5042342934097666
3470,20220412,1.5025194663152794
3471,20220413,1.5001545006752992
3472,20220414,1.4824271749408193
3473,20220415,1.47777976574738
3474,20220418,1.5020803762153296
3475,20220419,1.5044837048172743
3476,20220420,1.4936378817892466
3477,20220421,1.4774259362203062
3478,20220422,1.4823797453844527
3479,20220425,1.471055846509461
3480,20220426,1.4669059979664578
3481,20220427,1.4970435816946788
3482,20220428,1.4997367630981477
3483,20220429,1.5011150211834348
3484,20220505,1.4951450867441882
3485,20220506,1.4930444078973126
3486,20220509,1.4985388113183746
3487,20220510,1.5086314702126038
3488,20220511,1.5194936167981348
3489,20220512,1.5158058057901658
3490,20220513,1.5145567818061947
3491,20220516,1.509011989428002
3492,20220517,1.527640742437491
3493,20220518,1.5396785514878986
3494,20220519,1.5728478465226026
3495,20220520,1.5748815387881563
3496,20220523,1.5735413145986474
3497,20220524,1.5694847250896122
3498,20220525,1.583806273206055
3499,20220526,1.57495121233256
3500,20220527,1.5648053766227137
3501,20220530,1.570610804569984
3502,20220531,1.581531261494159
3503,20220601,1.590213868119762
3504,20220602,1.6033379031733546
3505,20220606,1.6096550545118578
3506,20220607,1.5972301271460807
3507,20220608,1.5840545758272528
3508,20220609,1.5739483076334748
3509,20220610,1.5813458646793521
3510,20220613,1.5883306693636408
3511,20220614,1.5701283998927333
3512,20220615,1.5546076806597937
3513,20220616,1.563988183404895
3514,20220617,1.589338867869705
3515,20220620,1.6192152599079197
3516,20220621,1.6180737131496847
3517,20220622,1.6398092973384244
3518,20220623,1.646178316649287
3519,20220624,1.651763799677678
3520,20220627,1.646863016484034
3521,20220628,1.6495523437899524
3522,20220629,1.62266629013852
3523,20220630,1.6277403676277833
3524,20220701,1.6223606857127735
3525,20220704,1.6391488740885294
3526,20220705,1.648375643100774
3527,20220706,1.6540378134348253
3528,20220707,1.688531117996195
3529,20220708,1.665492799422255
3530,20220711,1.672111467807159
3531,20220712,1.6823615111048167
3532,20220713,1.7168448749979321
3533,20220714,1.7459093418867722
3534,20220715,1.7561246574461518
3535,20220718,1.7645435190539485
3536,20220719,1.7386117874979317
3537,20220720,1.7440066998745378
3538,20220721,1.7427492710439283
3539,20220722,1.753850583900478
3540,20220725,1.7161515655995372
3541,20220726,1.7169684537447625
3542,20220727,1.737118795517911
3543,20220728,1.7285999649446913
3544,20220729,1.7571235929662439
3545,20220801,1.7639921890911487
3546,20220802,1.758382693929839
3547,20220803,1.7406775385846596
3548,20220804,1.7456019153413156
3549,20220805,1.7252167761739599
3550,20220808,1.732714568283212
3551,20220809,1.7457133929744724
3552,20220810,1.7604908568460012
3553,20220811,1.752100357422273
3554,20220812,1.731478136215413
3555,20220815,1.7619175218500798
3556,20220816,1.7805850379940813
3557,20220817,1.7958927275657164
3558,20220818,1.8179121682983999
3559,20220819,1.8131237876471018
3560,20220822,1.7928004831113653
3561,20220823,1.818471593229037
3562,20220824,1.8053513206838896
3563,20220825,1.7745339736398156
3564,20220826,1.7780830415870952
3565,20220829,1.7960612392205824
3566,20220830,1.774316325797339
3567,20220831,1.7304392573766965
3568,20220901,1.7247391904628977
3569,20220902,1.712921277529846
3570,20220905,1.7216571760452484
3571,20220906,1.7416025744297325
3572,20220907,1.7499431091586763
3573,20220908,1.749178384019974
3574,20220909,1.7327745891346347
3575,20220913,1.7231490262919917
3576,20220914,1.7146263312079515
3577,20220915,1.6838539324417623
3578,20220916,1.6819343389587786
3579,20220919,1.6742260338833306
3580,20220920,1.6845694023206619
3581,20220921,1.6860299239924739
3582,20220922,1.6951446017615772
3583,20220923,1.702177756714286
3584,20220926,1.708717523655582
3585,20220927,1.6982277067778604
3586,20220928,1.6906943686705938
3587,20220929,1.6986930437287744
3588,20220930,1.6888881874803718
3589,20221010,1.6992056054176894
3590,20221011,1.7201075335699323
3591,20221012,1.741239054619839
3592,20221013,1.7431700887314125
3593,20221014,1.7394693386330358
3594,20221017,1.7326819292736897
3595,20221018,1.7484545328758683
3596,20221019,1.7538677481096518
3597,20221020,1.7338964560619272
3598,20221021,1.7570613127149146
3599,20221024,1.762712021896606
3600,20221025,1.780044769207915
3601,20221026,1.7713937516295646
3602,20221027,1.7510227234858247
3603,20221028,1.7392295854431477
3604,20221031,1.7397513543187806
3605,20221101,1.7524706764702054
3606,20221102,1.746904829601736
3607,20221103,1.7479145405932457
3608,20221104,1.7511674095532894
3609,20221107,1.7401017826923222
3610,20221108,1.737608216837724
3611,20221109,1.7301086997738524
3612,20221110,1.7235827297583055
3613,20221111,1.7187256736258467
3614,20221114,1.6981009655423365
3615,20221115,1.7017671655269424
3616,20221116,1.6912196126350063
3617,20221117,1.683279336553685
3618,20221118,1.7065927553649534
3619,20221121,1.7162486571748081
3620,20221122,1.7026353728260974
3621,20221123,1.7328060716325757
3622,20221124,1.7323694045025242
3623,20221125,1.7123934528992057
3624,20221128,1.7220308032521223
3625,20221129,1.7002729440530318
3626,20221130,1.6963997222864788
3627,20221201,1.6907405328129312
3628,20221202,1.70634944941186
3629,20221205,1.6849842479557742
3630,20221206,1.6782662157591746
3631,20221207,1.66981111056418
3632,20221208,1.6724059970299967
3633,20221209,1.659377954313133
3634,20221212,1.6511358240140597
3635,20221213,1.638603703109793
3636,20221214,1.6273415798583195
3637,20221215,1.645287902800997
3638,20221216,1.6280683196102819
3639,20221219,1.6348508522297782
3640,20221220,1.6544265563343774
3641,20221221,1.6417255236613983
3642,20221222,1.625165438304226
3643,20221223,1.6178343170120355
3644,20221226,1.6538958439382336
3645,20221227,1.6570829012295025
3646,20221228,1.6653268886631192
3647,20221229,1.6566888380916236
3648,20221230,1.6584432715711626
3649,20230103,1.6740077616748579
3650,20230104,1.6614460074312498
3651,20230105,1.6706288195143224
3652,20230106,1.6942765704545475
3653,20230109,1.687795962572559
3654,20230110,1.6856018278212146
3655,20230111,1.6808416882594475
3656,20230112,1.6887298783024491
3657,20230113,1.6751811984888285
3658,20230116,1.6670398178641728
3659,20230117,1.6753750169534936
3660,20230118,1.6808250118836432
3661,20230119,1.6668539943848664
3662,20230120,1.6761650407975004
3663,20230130,1.6786491173879623
3664,20230131,1.6913715990486458
3665,20230201,1.6819709557011335
3666,20230202,1.669869174674864
3667,20230203,1.6602841256122303
3668,20230206,1.6741043306738264
3669,20230207,1.676334237642284
3670,20230208,1.6883334381153274
3671,20230209,1.6867936780197663
3672,20230210,1.6784271813767884
3673,20230213,1.6782643739401948
3674,20230214,1.6887317088404599
3675,20230215,1.6935733026497053
3676,20230216,1.682029907018845
3677,20230217,1.674904828332713
3678,20230220,1.6724443931398922
3679,20230221,1.6818920315167396
3680,20230222,1.6798401232382891
3681,20230223,1.688587050759991
3682,20230224,1.6854327701491714
3683,20230227,1.697225743241905
3684,20230228,1.6915298536475851
3685,20230301,1.6795588968733213
3686,20230302,1.6719689702183507
3687,20230303,1.674781222026258
3688,20230306,1.6896264827782985
3689,20230307,1.6909156677846584
3690,20230308,1.6869572342063746
3691,20230309,1.6846680332395565
3692,20230310,1.6854193951823813
3693,20230313,1.6771069067253417
3694,20230314,1.6649931635380646
3695,20230315,1.6764283365852441
3696,20230316,1.6567873021938115
3697,20230317,1.651406057036286
3698,20230320,1.6721576255490043
3699,20230321,1.6676929646887886
3700,20230322,1.661377411431512
3701,20230323,1.6532549372670233
3702,20230324,1.6675142611009515
3703,20230327,1.6802223872848019
3704,20230328,1.6663605525897023
3705,20230329,1.664590877682852
3706,20230330,1.6646574613179594
3707,20230331,1.6621654690983665
3708,20230403,1.6548186977249517
3709,20230404,1.6307774916844036
3710,20230406,1.6313107559241844
3711,20230407,1.6213320280301962
3712,20230410,1.6481974997346565
3713,20230411,1.6404938246208967
3714,20230412,1.6314136913016202
3715,20230413,1.626491716194963
3716,20230414,1.6293169323059937
3717,20230417,1.6370969206577548
3718,20230418,1.6442854132363631
3719,20230419,1.6441226289804527
3720,20230420,1.6275794670876513
3721,20230421,1.636173086673874
3722,20230424,1.632625863421965
3723,20230425,1.6241672288235758
3724,20230426,1.6744823054053015
3725,20230427,1.6684926821988666
3726,20230428,1.6566981074284028
3727,20230504,1.6654454734356248
3728,20230505,1.6493406157075023
3729,20230508,1.6511499423629332
3730,20230509,1.6393739409740007
3731,20230510,1.672263060977821
3732,20230511,1.6752965461704348
3733,20230512,1.6698685853608426
3734,20230515,1.697793797713832
3735,20230516,1.7213031484307753
3736,20230517,1.7332679266155175
3737,20230518,1.7183323568918716
3738,20230519,1.7106153262770702
3739,20230522,1.7159387611724446
3740,20230523,1.7104958034220057
3741,20230524,1.7266155158734549
3742,20230525,1.7467841117143728
3743,20230526,1.721904665611225
3744,20230529,1.7032065028473526
3745,20230530,1.7057527965691095
3746,20230531,1.6938381132850742
3747,20230601,1.6867290747236168
3748,20230602,1.6872097925099132
3749,20230605,1.6782034666374954
3750,20230606,1.6735800160869092
3751,20230607,1.6543137629417168
3752,20230608,1.6446079040945378
3753,20230609,1.6554935638117394
3754,20230612,1.6600577595671682
3755,20230613,1.6630176425524765
3756,20230614,1.6474800687181088
3757,20230615,1.6888482932436204
3758,20230616,1.6957742600942123
3759,20230619,1.6947347504727746
3760,20230620,1.7004815960116275
3761,20230621,1.7098597520136316
3762,20230626,1.727490115916644
3763,20230627,1.7334914165793385
3764,20230628,1.7452236864867476
3765,20230629,1.7539655119323598
3766,20230630,1.7529148865907123
3767,20230703,1.7568151222133765
3768,20230704,1.7477095494349446
3769,20230705,1.7408655188393574
3770,20230706,1.7413773333018963
3771,20230707,1.7320174301353986
3772,20230710,1.7463689265615006
3773,20230711,1.7446487531688375
3774,20230712,1.766481287665992
3775,20230713,1.7544003221396443
3776,20230714,1.7336282223255108
3777,20230717,1.747923720646807
3778,20230718,1.74706723802369
3779,20230719,1.7338139859560424
3780,20230720,1.729529731596745
3781,20230721,1.7108784829712058
3782,20230724,1.7085893275609905
3783,20230725,1.6947839257942976
3784,20230726,1.6913604622641931
3785,20230727,1.695149109699665
3786,20230728,1.6798266568970897
3787,20230731,1.6839103155000066
3788,20230801,1.6826743253284295
3789,20230802,1.6815149627182782
3790,20230803,1.675081486470918
3791,20230804,1.676582359482796
3792,20230807,1.676283927822808
3793,20230808,1.6687741758261618
3794,20230809,1.6653698765074765
3795,20230810,1.6667787794230016
3796,20230811,1.6638102464168492
3797,20230814,1.6659399235322627
3798,20230815,1.6539484879626773
3799,20230816,1.6467323107096963
3800,20230817,1.6515407690569686
3801,20230818,1.6558496389234383
3802,20230821,1.647441234456985
3803,20230822,1.6403522948251168
3804,20230823,1.633963122636773
3805,20230824,1.6326984351798521
3806,20230825,1.6336356040816455
3807,20230828,1.6365336736432863
3808,20230829,1.6449585489952019
3809,20230830,1.6505366034348445
3810,20230831,1.6422822698810668
3811,20230901,1.6354750098724098
3812,20230904,1.6269002143956488
3813,20230905,1.635005431263768
3814,20230906,1.6316732901948525
3815,20230907,1.6203788476801237
3816,20230908,1.619464954010032
3817,20230911,1.6179604710677569
3818,20230912,1.6194570845034946
3819,20230913,1.613855382448197
3820,20230914,1.6057167097545106
3821,20230915,1.6014358690063053
3822,20230918,1.6027394378036766
3823,20230919,1.5960207540804037
3824,20230920,1.5934367964795475
3825,20230921,1.594681270617598
3826,20230922,1.5981305662059437
3827,20230925,1.5995513042793006
3828,20230926,1.6053272840390531
3829,20230927,1.6205056535096423
3830,20230928,1.6209140209343265
3831,20231009,1.629391401263813
3832,20231010,1.6222562963176788
3833,20231011,1.6157461818005558
3834,20231012,1.622340041968484
3835,20231013,1.6149973309385346
3836,20231016,1.6078558127411244
3837,20231017,1.6044423348506751
3838,20231018,1.5982523963228212
3839,20231019,1.6015447962592462
3840,20231020,1.6183417980824133
3841,20231023,1.6097807699705573
3842,20231024,1.5963551983490027
3843,20231025,1.5876917786875628
3844,20231026,1.5872916803593335
3845,20231027,1.5884567524527173
3846,20231030,1.5777171963493846
3847,20231031,1.5635698062497196
3848,20231101,1.562920924780126
3849,20231102,1.5530854634004845
3850,20231103,1.564876488238621
3851,20231106,1.567250405871279
3852,20231107,1.5667551547430238
3853,20231108,1.5659749106759617
3854,20231109,1.57521416264895
3855,20231110,1.5710792254719965
3856,20231113,1.572062721067142
3857,20231114,1.5652163879168948
3858,20231115,1.573008035095945
3859,20231116,1.5619104634083432
3860,20231117,1.5654388191451827
3861,20231120,1.5661025652045002
3862,20231121,1.5588703035583857
3863,20231122,1.5455450802035686
3864,20231123,1.548616078277933
3865,20231124,1.5418672094087977
3866,20231127,1.5517181990097104
3867,20231128,1.557734210467271
3868,20231129,1.5592218466382672
3869,20231130,1.552024478594185
3870,20231201,1.5413667264996789
3871,20231204,1.5400519406819746
3872,20231205,1.5408881888857648
3873,20231206,1.5445231441233465
3874,20231207,1.5384068324726181
3875,20231208,1.5416205643456535
3876,20231211,1.5406770925602742
3877,20231212,1.5335945999657747
3878,20231213,1.5379055343862784
3879,20231214,1.5402462266096144
3880,20231215,1.5382254235603026
3881,20231218,1.5287068846393115
3882,20231219,1.5365629093194728
3883,20231220,1.537709185249825
3884,20231221,1.5511810554217988
3885,20231222,1.5615755196741805
3886,20231225,1.567158152157016
3887,20231226,1.5686939671461297
3888,20231227,1.5645761454823712
3889,20231228,1.5903822644259575
3890,20231229,1.5923241211708214
3891,20240102,1.5973781579314177
3892,20240103,1.604261260413944
3893,20240104,1.603138277531654
3894,20240105,1.597134524682298
3895,20240108,1.606097643634815
3896,20240109,1.612123721993733
3897,20240110,1.621377312157977
3898,20240111,1.6232808091224507
3899,20240112,1.6313387750589345
3900,20240115,1.6317678171567749
3901,20240116,1.6398173277988093
3902,20240117,1.6403797851422441
3903,20240118,1.6468576449137708
3904,20240119,1.6290600543451876
3905,20240122,1.6281722166155694
3906,20240123,1.622439422240866
3907,20240124,1.6097779049896983
3908,20240125,1.6022988768431161
3909,20240126,1.59340451577776
3910,20240129,1.574806298269602
3911,20240130,1.5791669369095107
3912,20240131,1.5773145740925159
3913,20240201,1.580467625926127
3914,20240202,1.5686694350985884
3915,20240205,1.567326654062144
3916,20240206,1.581700606806548
3917,20240207,1.5934542240157274
3918,20240208,1.5991396686870156
3919,20240219,1.5926711487271767
3920,20240220,1.585927779083466
3921,20240221,1.5831968114478843
3922,20240222,1.578713198077864
3923,20240223,1.5821105888801275
3924,20240226,1.5919291671947173
3925,20240227,1.589466452773067
3926,20240228,1.599068419614269
3927,20240229,1.6074539344067262
3928,20240301,1.6158496663061326
3929,20240304,1.6226410824536173
3930,20240305,1.614352631804444
3931,20240306,1.6511114412306311
3932,20240307,1.6440248709248693
3933,20240308,1.6576505490550948
3934,20240311,1.6831518451017584
3935,20240312,1.659424453541359
3936,20240313,1.6564706780140552
3937,20240314,1.6529407389992072
3938,20240315,1.6434313709277448
3939,20240318,1.6487199330793902
3940,20240319,1.6435198704104579
3941,20240320,1.6396099366387513
3942,20240321,1.6338073570729867
3943,20240322,1.6310903354381745
3944,20240325,1.6335271843993193
3945,20240326,1.6434720978979425
3946,20240327,1.6309274753746874
3947,20240328,1.630224545632801
3948,20240329,1.6372279902808398
3949,20240401,1.6414045588840462
3950,20240402,1.6520260877845847
3951,20240403,1.6412680939009316
3952,20240408,1.6402636378274644
3953,20240409,1.6472413193427824
3954,20240410,1.6428958967423561
3955,20240411,1.6594907881953505
3956,20240412,1.6529573729622253
3957,20240415,1.6595477140082258
3958,20240416,1.6584939012098305
3959,20240417,1.6648310064063534
3960,20240418,1.6624236607710898
3961,20240419,1.6487169776880324
3962,20240422,1.6423150096636698
3963,20240423,1.6296117030639212
3964,20240424,1.6252378252528976
3965,20240425,1.6198241580569803
3966,20240426,1.6145888863781401
3967,20240429,1.6204450002690338
3968,20240430,1.6087696940420955
3969,20240506,1.614484043995333
3970,20240507,1.611024204689051
3971,20240508,1.6089685378038678
3972,20240509,1.624874800768597
3973,20240510,1.639401181487468
3974,20240513,1.658921531355439
3975,20240514,1.6505074813484044
3976,20240515,1.6402611309041935
3977,20240516,1.6233795633449275
3978,20240517,1.6124136343945326
3979,20240520,1.6109495628145023
3980,20240521,1.6038581628389927
3981,20240522,1.6249793709854194
3982,20240523,1.6236517628393243
3983,20240524,1.642906649094836
3984,20240527,1.6526178702976357
3985,20240528,1.672120413785018
3986,20240529,1.6757489150829317
3987,20240530,1.6748171986861455
3988,20240531,1.6579534643125748
3989,20240603,1.6525601416931661
3990,20240604,1.677880668184189
3991,20240605,1.6629072611013131
3992,20240606,1.6578403826767374
3993,20240607,1.6431204179189507
3994,20240611,1.6368946346554558
3995,20240612,1.6264054138365838
3996,20240613,1.638905965847332
3997,20240614,1.6451190583638593
3998,20240617,1.6539500574691566
3999,20240618,1.65551634817358
4000,20240619,1.6329202055373586
4001,20240620,1.6234264074623643
4002,20240621,1.6193581008852636
4003,20240624,1.6229271661396147
4004,20240625,1.6197592123113103
4005,20240626,1.6158231974253936
4006,20240627,1.6110452082306068
4007,20240628,1.6327508203210979
4008,20240701,1.623984581166794
4009,20240702,1.6099777141542304
4010,20240703,1.5991812036031121
4011,20240704,1.6109383838120022
4012,20240705,1.6103020631503964
4013,20240708,1.6154340958256568
4014,20240709,1.6167684443888088
4015,20240710,1.6026718403221827
